2025-09-08 10:38:49,754 - Knowledge - INFO - Redis support added with prefix knowledge:b37789q:
2025-09-08 10:38:50,118 - Knowledge - INFO - load persisted knowledge: begin
2025-09-08 10:38:50,201 - Knowledge - INFO - load persisted knowledge: end
2025-09-08 10:38:50,299 - Knowledge - INFO - load persisted docinfo: begin
2025-09-08 10:38:50,406 - Knowledge - INFO - load persisted docinfo: end
2025-09-08 10:38:50,559 - Knowledge - INFO - worker kw1 created with dedicated MongoDB connection (total: 1)
2025-09-08 10:38:50,630 - Knowledge - INFO - knowledge worker kw1 start
2025-09-08 10:38:50,734 - Knowledge - INFO - worker kw1 pull /app/data/b2c/67174/b37789q/gbkfrontend-67174/src/store.js from ingest queue
2025-09-08 10:38:50,631 - Knowledge - INFO - worker kw2 created with dedicated MongoDB connection (total: 2)
2025-09-08 10:38:50,849 - Knowledge - INFO - process ingested knowledge for /app/data/b2c/67174/b37789q/gbkfrontend-67174/src/store.js
2025-09-08 10:38:50,913 - Knowledge - INFO - knowledge worker kw2 start
2025-09-08 10:38:50,915 - Knowledge - INFO - worker kw3 created with dedicated MongoDB connection (total: 3)
2025-09-08 10:38:50,982 - Knowledge - INFO - Found code-base-name: https://github.com/kavia-common/gbkfrontend-67174.git:kavia-master
2025-09-08 10:38:51,078 - Knowledge - INFO - worker kw2 pull /app/data/b2c/67174/b37789q/gbkfrontend-67174/src/App.js from ingest queue
2025-09-08 10:38:51,152 - Knowledge - INFO - knowledge worker kw3 start
2025-09-08 10:38:51,154 - Knowledge - INFO - worker kw4 created with dedicated MongoDB connection (total: 4)
2025-09-08 10:38:51,267 - Knowledge - INFO - Found code_base: <app.utils.kg_build.knowledge.KnowledgeCodeBase object at 0x7f76ebfc32d0>
2025-09-08 10:38:51,403 - Knowledge - INFO - process ingested knowledge for /app/data/b2c/67174/b37789q/gbkfrontend-67174/src/App.js
2025-09-08 10:38:51,463 - Knowledge - INFO - worker kw3 pull /app/data/b2c/67174/b37789q/gbkfrontend-67174/src/api/index.js from ingest queue
2025-09-08 10:38:51,566 - Knowledge - INFO - knowledge worker kw4 start
2025-09-08 10:38:51,570 - Knowledge - INFO - worker kw5 created with dedicated MongoDB connection (total: 5)
2025-09-08 10:38:51,676 - Knowledge - INFO - persist ingested knowledge for /app/data/b2c/67174/b37789q/gbkfrontend-67174/src/store.js
2025-09-08 10:38:51,787 - Knowledge - INFO - Found code-base-name: https://github.com/kavia-common/gbkfrontend-67174.git:kavia-master
2025-09-08 10:38:51,886 - Knowledge - INFO - process ingested knowledge for /app/data/b2c/67174/b37789q/gbkfrontend-67174/src/api/index.js
2025-09-08 10:38:51,936 - Knowledge - INFO - worker kw4 pull /app/data/b2c/67174/b37789q/gbkfrontend-67174/src/clients.json from ingest queue
2025-09-08 10:38:52,033 - Knowledge - INFO - knowledge worker kw5 start
2025-09-08 10:38:52,034 - Knowledge - INFO - worker kw6 created with dedicated MongoDB connection (total: 6)
2025-09-08 10:38:52,196 - Knowledge - INFO - adding /app/data/b2c/67174/b37789q/gbkfrontend-67174/src/store.js to ingest queue
2025-09-08 10:38:52,240 - Knowledge - INFO - Found code_base: <app.utils.kg_build.knowledge.KnowledgeCodeBase object at 0x7f76ebfc32d0>
2025-09-08 10:38:52,482 - Knowledge - INFO - process ingested knowledge for /app/data/b2c/67174/b37789q/gbkfrontend-67174/src/clients.json
2025-09-08 10:38:52,653 - Knowledge - INFO - knowledge worker kw6 start
2025-09-08 10:38:52,655 - Knowledge - INFO - worker kw7 created with dedicated MongoDB connection (total: 7)
2025-09-08 10:38:52,766 - Knowledge - INFO - Found code-base-name: https://github.com/kavia-common/gbkfrontend-67174.git:kavia-master
2025-09-08 10:38:52,767 - Knowledge - INFO - worker kw5 pull /app/data/b2c/67174/b37789q/gbkfrontend-67174/src/components/Invoices/Invoices.js from ingest queue
2025-09-08 10:38:52,767 - Knowledge - INFO - worker kw1 pull /app/data/b2c/67174/b37789q/gbkfrontend-67174/src/components/Dashboard/ReactChart.js from ingest queue
2025-09-08 10:38:52,869 - Knowledge - INFO - persist ingested knowledge for /app/data/b2c/67174/b37789q/gbkfrontend-67174/src/App.js
2025-09-08 10:38:52,970 - Knowledge - INFO - Found code-base-name: https://github.com/kavia-common/gbkfrontend-67174.git:kavia-master
2025-09-08 10:38:53,074 - Knowledge - INFO - worker kw6 pull /app/data/b2c/67174/b37789q/gbkfrontend-67174/src/components/Dashboard/Donut.js from ingest queue
2025-09-08 10:38:53,143 - Knowledge - INFO - knowledge worker kw7 start
2025-09-08 10:38:53,149 - Knowledge - INFO - worker kw8 created with dedicated MongoDB connection (total: 8)
2025-09-08 10:38:53,225 - Knowledge - INFO - Found code_base: <app.utils.kg_build.knowledge.KnowledgeCodeBase object at 0x7f76ebfc32d0>
2025-09-08 10:38:53,350 - Knowledge - INFO - process ingested knowledge for /app/data/b2c/67174/b37789q/gbkfrontend-67174/src/components/Invoices/Invoices.js
2025-09-08 10:38:53,388 - Knowledge - INFO - process ingested knowledge for /app/data/b2c/67174/b37789q/gbkfrontend-67174/src/components/Dashboard/ReactChart.js
2025-09-08 10:38:53,539 - Knowledge - INFO - adding /app/data/b2c/67174/b37789q/gbkfrontend-67174/src/App.js to ingest queue
2025-09-08 10:38:53,542 - Knowledge - INFO - Found code_base: <app.utils.kg_build.knowledge.KnowledgeCodeBase object at 0x7f76ebfc32d0>
2025-09-08 10:38:53,647 - Knowledge - INFO - process ingested knowledge for /app/data/b2c/67174/b37789q/gbkfrontend-67174/src/components/Dashboard/Donut.js
2025-09-08 10:38:53,853 - Knowledge - INFO - knowledge worker kw8 start
2025-09-08 10:38:54,544 - Knowledge - INFO - worker kw8 pull /app/data/b2c/67174/b37789q/gbkfrontend-67174/src/components/Dashboard/Dashboard.module.css from ingest queue
2025-09-08 10:38:53,950 - Knowledge - INFO - persist ingested knowledge for /app/data/b2c/67174/b37789q/gbkfrontend-67174/src/api/index.js
2025-09-08 10:38:54,217 - Knowledge - INFO - worker kw7 pull /app/data/b2c/67174/b37789q/gbkfrontend-67174/src/components/Dashboard/Chart.js from ingest queue
2025-09-08 10:38:54,217 - Knowledge - INFO - Found code-base-name: https://github.com/kavia-common/gbkfrontend-67174.git:kavia-master
2025-09-08 10:38:54,903 - Knowledge - INFO - Found code_base: <app.utils.kg_build.knowledge.KnowledgeCodeBase object at 0x7f76ebfc32d0>
2025-09-08 10:38:54,217 - Knowledge - INFO - worker kw2 pull /app/data/b2c/67174/b37789q/gbkfrontend-67174/src/components/Dashboard/Dashboard.js from ingest queue
2025-09-08 10:38:54,330 - Knowledge - INFO - persist ingested knowledge for /app/data/b2c/67174/b37789q/gbkfrontend-67174/src/clients.json
2025-09-08 10:38:54,444 - Knowledge - INFO - Found code-base-name: https://github.com/kavia-common/gbkfrontend-67174.git:kavia-master
2025-09-08 10:38:53,855 - Knowledge - INFO - worker kw9 created with dedicated MongoDB connection (total: 9)
2025-09-08 10:38:54,666 - Knowledge - INFO - process ingested knowledge for /app/data/b2c/67174/b37789q/gbkfrontend-67174/src/components/Dashboard/Dashboard.module.css
2025-09-08 10:38:54,770 - Knowledge - INFO - adding /app/data/b2c/67174/b37789q/gbkfrontend-67174/src/api/index.js to ingest queue
2025-09-08 10:38:54,832 - Knowledge - INFO - process ingested knowledge for /app/data/b2c/67174/b37789q/gbkfrontend-67174/src/components/Dashboard/Chart.js
2025-09-08 10:38:54,217 - Knowledge - INFO - Found code-base-name: https://github.com/kavia-common/gbkfrontend-67174.git:kavia-master
2025-09-08 10:38:55,002 - Knowledge - INFO - persist ingested knowledge for /app/data/b2c/67174/b37789q/gbkfrontend-67174/src/components/Invoices/Invoices.js
2025-09-08 10:38:55,114 - Knowledge - INFO - process ingested knowledge for /app/data/b2c/67174/b37789q/gbkfrontend-67174/src/components/Dashboard/Dashboard.js
2025-09-08 10:38:55,238 - Knowledge - INFO - Found code_base: <app.utils.kg_build.knowledge.KnowledgeCodeBase object at 0x7f76ebfc32d0>
2025-09-08 10:38:55,318 - Knowledge - INFO - knowledge worker kw9 start
2025-09-08 10:38:55,321 - Knowledge - INFO - worker kw10 created with dedicated MongoDB connection (total: 10)
2025-09-08 10:38:55,561 - Knowledge - INFO - Found code-base-name: https://github.com/kavia-common/gbkfrontend-67174.git:kavia-master
2025-09-08 10:38:55,562 - Knowledge - INFO - worker kw3 pull /app/data/b2c/67174/b37789q/gbkfrontend-67174/src/components/Dashboard/Icons.js from ingest queue
2025-09-08 10:38:55,562 - Knowledge - INFO - adding /app/data/b2c/67174/b37789q/gbkfrontend-67174/src/clients.json to ingest queue
2025-09-08 10:38:55,715 - Knowledge - INFO - Found code_base: <app.utils.kg_build.knowledge.KnowledgeCodeBase object at 0x7f76ebfc32d0>
2025-09-08 10:38:55,969 - Knowledge - INFO - persist ingested knowledge for /app/data/b2c/67174/b37789q/gbkfrontend-67174/src/components/Dashboard/Donut.js
2025-09-08 10:38:56,152 - Knowledge - INFO - knowledge worker kw10 start
2025-09-08 10:38:56,153 - Knowledge - INFO - worker kw11 created with dedicated MongoDB connection (total: 11)
2025-09-08 10:38:56,261 - Knowledge - INFO - Found code_base: <app.utils.kg_build.knowledge.KnowledgeCodeBase object at 0x7f76ebfc32d0>
2025-09-08 10:38:56,395 - Knowledge - INFO - process ingested knowledge for /app/data/b2c/67174/b37789q/gbkfrontend-67174/src/components/Dashboard/Icons.js
2025-09-08 10:38:56,482 - Knowledge - INFO - Found code-base-name: https://github.com/kavia-common/gbkfrontend-67174.git:kavia-master
2025-09-08 10:38:56,541 - Knowledge - INFO - Found code-base-name: https://github.com/kavia-common/gbkfrontend-67174.git:kavia-master
2025-09-08 10:38:56,541 - Knowledge - INFO - worker kw9 pull /app/data/b2c/67174/b37789q/gbkfrontend-67174/src/components/svgIcons/NoData.js from ingest queue
2025-09-08 10:38:56,541 - Knowledge - INFO - worker kw4 pull /app/data/b2c/67174/b37789q/gbkfrontend-67174/src/components/svgIcons/Empty.js from ingest queue
2025-09-08 10:38:56,541 - Knowledge - INFO - adding /app/data/b2c/67174/b37789q/gbkfrontend-67174/src/components/Invoices/Invoices.js to ingest queue
2025-09-08 10:38:56,584 - Knowledge - INFO - persist ingested knowledge for /app/data/b2c/67174/b37789q/gbkfrontend-67174/src/components/Dashboard/ReactChart.js
2025-09-08 10:38:56,883 - Knowledge - INFO - knowledge worker kw11 start
2025-09-08 10:38:56,890 - Knowledge - INFO - worker kw12 created with dedicated MongoDB connection (total: 12)
2025-09-08 10:38:56,959 - Knowledge - INFO - persist ingested knowledge for /app/data/b2c/67174/b37789q/gbkfrontend-67174/src/components/Dashboard/Dashboard.module.css
2025-09-08 10:38:57,121 - Knowledge - INFO - Found code_base: <app.utils.kg_build.knowledge.KnowledgeCodeBase object at 0x7f76ebfc32d0>
2025-09-08 10:38:57,221 - Knowledge - INFO - Found code_base: <app.utils.kg_build.knowledge.KnowledgeCodeBase object at 0x7f76ebfc32d0>
2025-09-08 10:38:57,346 - Knowledge - INFO - process ingested knowledge for /app/data/b2c/67174/b37789q/gbkfrontend-67174/src/components/svgIcons/NoData.js
2025-09-08 10:38:57,458 - Knowledge - INFO - process ingested knowledge for /app/data/b2c/67174/b37789q/gbkfrontend-67174/src/components/svgIcons/Empty.js
2025-09-08 10:38:57,557 - Knowledge - INFO - worker kw10 pull /app/data/b2c/67174/b37789q/gbkfrontend-67174/src/components/Clients/ClientList.js from ingest queue
2025-09-08 10:38:57,558 - Knowledge - INFO - Found code-base-name: https://github.com/kavia-common/gbkfrontend-67174.git:kavia-master
2025-09-08 10:38:57,558 - Knowledge - INFO - worker kw5 pull /app/data/b2c/67174/b37789q/gbkfrontend-67174/src/components/Clients/Clients.module.css from ingest queue
2025-09-08 10:38:57,558 - Knowledge - INFO - adding /app/data/b2c/67174/b37789q/gbkfrontend-67174/src/components/Dashboard/Donut.js to ingest queue
2025-09-08 10:38:57,784 - Knowledge - INFO - knowledge worker kw12 start
2025-09-08 10:38:57,787 - Knowledge - INFO - worker kw13 created with dedicated MongoDB connection (total: 13)
2025-09-08 10:38:57,985 - Knowledge - INFO - persist ingested knowledge for /app/data/b2c/67174/b37789q/gbkfrontend-67174/src/components/Dashboard/Chart.js
2025-09-08 10:38:58,086 - Knowledge - INFO - persist ingested knowledge for /app/data/b2c/67174/b37789q/gbkfrontend-67174/src/components/Dashboard/Dashboard.js
2025-09-08 10:38:58,432 - Knowledge - INFO - process ingested knowledge for /app/data/b2c/67174/b37789q/gbkfrontend-67174/src/components/Clients/ClientList.js
2025-09-08 10:38:58,501 - Knowledge - INFO - Found code_base: <app.utils.kg_build.knowledge.KnowledgeCodeBase object at 0x7f76ebfc32d0>
2025-09-08 10:38:58,596 - Knowledge - INFO - process ingested knowledge for /app/data/b2c/67174/b37789q/gbkfrontend-67174/src/components/Clients/Clients.module.css
2025-09-08 10:38:58,697 - Knowledge - INFO - worker kw11 pull /app/data/b2c/67174/b37789q/gbkfrontend-67174/src/components/Clients/Clients.js from ingest queue
2025-09-08 10:38:58,746 - Knowledge - INFO - adding /app/data/b2c/67174/b37789q/gbkfrontend-67174/src/components/Dashboard/Dashboard.module.css to ingest queue
2025-09-08 10:38:58,820 - Knowledge - INFO - knowledge worker kw13 start
2025-09-08 10:38:58,822 - Knowledge - INFO - worker kw14 created with dedicated MongoDB connection (total: 14)
2025-09-08 10:38:59,168 - Knowledge - INFO - persist ingested knowledge for /app/data/b2c/67174/b37789q/gbkfrontend-67174/src/components/Dashboard/Icons.js
2025-09-08 10:38:59,391 - Knowledge - INFO - process ingested knowledge for /app/data/b2c/67174/b37789q/gbkfrontend-67174/src/components/Clients/Clients.js
2025-09-08 10:38:59,442 - Knowledge - INFO - Found code-base-name: https://github.com/kavia-common/gbkfrontend-67174.git:kavia-master
2025-09-08 10:38:59,444 - Knowledge - INFO - worker kw6 pull /app/data/b2c/67174/b37789q/gbkfrontend-67174/src/components/Clients/AddClient.js from ingest queue
2025-09-08 10:38:59,444 - Knowledge - INFO - adding /app/data/b2c/67174/b37789q/gbkfrontend-67174/src/components/Dashboard/ReactChart.js to ingest queue
2025-09-08 10:38:59,638 - Knowledge - INFO - knowledge worker kw14 start
2025-09-08 10:38:59,641 - Knowledge - INFO - worker kw15 created with dedicated MongoDB connection (total: 15)
2025-09-08 10:38:59,889 - Knowledge - INFO - Found code_base: <app.utils.kg_build.knowledge.KnowledgeCodeBase object at 0x7f76ebfc32d0>
2025-09-08 10:39:00,011 - Knowledge - INFO - process ingested knowledge for /app/data/b2c/67174/b37789q/gbkfrontend-67174/src/components/Clients/AddClient.js
2025-09-08 10:39:00,061 - Knowledge - INFO - Found code-base-name: https://github.com/kavia-common/gbkfrontend-67174.git:kavia-master
2025-09-08 10:39:00,174 - Knowledge - INFO - Found code-base-name: https://github.com/kavia-common/gbkfrontend-67174.git:kavia-master
2025-09-08 10:39:00,175 - Knowledge - INFO - Found code-base-name: https://github.com/kavia-common/gbkfrontend-67174.git:kavia-master
2025-09-08 10:39:00,175 - Knowledge - INFO - worker kw8 pull /app/data/b2c/67174/b37789q/gbkfrontend-67174/src/components/NavBar/NavBar.js from ingest queue
2025-09-08 10:39:00,175 - Knowledge - INFO - worker kw12 pull /app/data/b2c/67174/b37789q/gbkfrontend-67174/src/components/Settings/Form/icon.js from ingest queue
2025-09-08 10:39:00,217 - Knowledge - INFO - knowledge worker kw15 start
2025-09-08 10:39:00,220 - Knowledge - INFO - worker kw16 created with dedicated MongoDB connection (total: 16)
2025-09-08 10:39:00,225 - Knowledge - INFO - Found code-base-name: https://github.com/kavia-common/gbkfrontend-67174.git:kavia-master
2025-09-08 10:39:00,225 - Knowledge - INFO - worker kw1 pull /app/data/b2c/67174/b37789q/gbkfrontend-67174/src/components/Settings/Form/Profile.js from ingest queue
2025-09-08 10:39:00,225 - Knowledge - INFO - adding /app/data/b2c/67174/b37789q/gbkfrontend-67174/src/components/Dashboard/Chart.js to ingest queue
2025-09-08 10:39:00,302 - Knowledge - INFO - persist ingested knowledge for /app/data/b2c/67174/b37789q/gbkfrontend-67174/src/components/svgIcons/Empty.js
2025-09-08 10:39:00,489 - Knowledge - INFO - Found code_base: <app.utils.kg_build.knowledge.KnowledgeCodeBase object at 0x7f76ebfc32d0>
2025-09-08 10:39:00,568 - Knowledge - INFO - Found code_base: <app.utils.kg_build.knowledge.KnowledgeCodeBase object at 0x7f76ebfc32d0>
2025-09-08 10:39:00,677 - Knowledge - INFO - Found code_base: <app.utils.kg_build.knowledge.KnowledgeCodeBase object at 0x7f76ebfc32d0>
2025-09-08 10:39:00,780 - Knowledge - INFO - process ingested knowledge for /app/data/b2c/67174/b37789q/gbkfrontend-67174/src/components/NavBar/NavBar.js
2025-09-08 10:39:00,880 - Knowledge - INFO - process ingested knowledge for /app/data/b2c/67174/b37789q/gbkfrontend-67174/src/components/Settings/Form/icon.js
2025-09-08 10:39:01,045 - Knowledge - INFO - knowledge worker kw16 start
2025-09-08 10:39:01,049 - Knowledge - INFO - worker kw17 created with dedicated MongoDB connection (total: 17)
2025-09-08 10:39:01,122 - Knowledge - INFO - Found code_base: <app.utils.kg_build.knowledge.KnowledgeCodeBase object at 0x7f76ebfc32d0>
2025-09-08 10:39:01,230 - Knowledge - INFO - process ingested knowledge for /app/data/b2c/67174/b37789q/gbkfrontend-67174/src/components/Settings/Form/Profile.js
2025-09-08 10:39:01,278 - Knowledge - INFO - adding /app/data/b2c/67174/b37789q/gbkfrontend-67174/src/components/Dashboard/Dashboard.js to ingest queue
2025-09-08 10:39:01,425 - Knowledge - INFO - persist ingested knowledge for /app/data/b2c/67174/b37789q/gbkfrontend-67174/src/components/svgIcons/NoData.js
2025-09-08 10:39:01,519 - Knowledge - INFO - persist ingested knowledge for /app/data/b2c/67174/b37789q/gbkfrontend-67174/src/components/Clients/ClientList.js
2025-09-08 10:39:01,607 - Knowledge - INFO - persist ingested knowledge for /app/data/b2c/67174/b37789q/gbkfrontend-67174/src/components/Clients/Clients.module.css
2025-09-08 10:39:01,944 - Knowledge - INFO - knowledge worker kw17 start
2025-09-08 10:39:01,946 - Knowledge - INFO - worker kw18 created with dedicated MongoDB connection (total: 18)
2025-09-08 10:39:02,052 - Knowledge - INFO - persist ingested knowledge for /app/data/b2c/67174/b37789q/gbkfrontend-67174/src/components/Clients/Clients.js
2025-09-08 10:39:02,243 - Knowledge - INFO - worker kw13 pull /app/data/b2c/67174/b37789q/gbkfrontend-67174/src/components/Settings/Form/Input.js from ingest queue
2025-09-08 10:39:02,244 - Knowledge - INFO - adding /app/data/b2c/67174/b37789q/gbkfrontend-67174/src/components/Dashboard/Icons.js to ingest queue
2025-09-08 10:39:02,693 - Knowledge - INFO - knowledge worker kw18 start
2025-09-08 10:39:02,696 - Knowledge - INFO - worker kw19 created with dedicated MongoDB connection (total: 19)
2025-09-08 10:39:02,906 - Knowledge - INFO - process ingested knowledge for /app/data/b2c/67174/b37789q/gbkfrontend-67174/src/components/Settings/Form/Input.js
2025-09-08 10:39:02,971 - Knowledge - INFO - worker kw14 pull /app/data/b2c/67174/b37789q/gbkfrontend-67174/src/components/Settings/Form/Uploader.js from ingest queue
2025-09-08 10:39:02,973 - Knowledge - INFO - Found code-base-name: https://github.com/kavia-common/gbkfrontend-67174.git:kavia-master
2025-09-08 10:39:02,973 - Knowledge - INFO - worker kw15 pull /app/data/b2c/67174/b37789q/gbkfrontend-67174/src/components/Settings/Form/Uploader.module.css from ingest queue
2025-09-08 10:39:02,973 - Knowledge - INFO - worker kw7 pull /app/data/b2c/67174/b37789q/gbkfrontend-67174/src/components/Settings/Form/Form.js from ingest queue
2025-09-08 10:39:03,032 - Knowledge - INFO - Found code-base-name: https://github.com/kavia-common/gbkfrontend-67174.git:kavia-master
2025-09-08 10:39:03,032 - Knowledge - INFO - worker kw16 pull /app/data/b2c/67174/b37789q/gbkfrontend-67174/src/components/Settings/Form/styles.js from ingest queue
2025-09-08 10:39:03,032 - Knowledge - INFO - Found code-base-name: https://github.com/kavia-common/gbkfrontend-67174.git:kavia-master
2025-09-08 10:39:03,032 - Knowledge - INFO - worker kw2 pull /app/data/b2c/67174/b37789q/gbkfrontend-67174/src/components/Settings/Settings.module.css from ingest queue
2025-09-08 10:39:03,125 - Knowledge - INFO - knowledge worker kw19 start
2025-09-08 10:39:03,128 - Knowledge - INFO - worker kw20 created with dedicated MongoDB connection (total: 20)
2025-09-08 10:39:03,136 - Knowledge - INFO - worker kw17 pull /app/data/b2c/67174/b37789q/gbkfrontend-67174/src/components/Settings/Settings.js from ingest queue
2025-09-08 10:39:03,187 - Knowledge - INFO - worker kw3 pull /app/data/b2c/67174/b37789q/gbkfrontend-67174/src/components/Payments/Modal.js from ingest queue
2025-09-08 10:39:03,187 - Knowledge - INFO - Found code-base-name: https://github.com/kavia-common/gbkfrontend-67174.git:kavia-master
2025-09-08 10:39:03,239 - Knowledge - INFO - worker kw18 pull /app/data/b2c/67174/b37789q/gbkfrontend-67174/src/components/Payments/AddPayment.js from ingest queue
2025-09-08 10:39:03,239 - Knowledge - INFO - adding /app/data/b2c/67174/b37789q/gbkfrontend-67174/src/components/svgIcons/NoData.js to ingest queue
2025-09-08 10:39:03,372 - Knowledge - INFO - process ingested knowledge for /app/data/b2c/67174/b37789q/gbkfrontend-67174/src/components/Settings/Form/Uploader.js
2025-09-08 10:39:03,429 - Knowledge - INFO - Found code_base: <app.utils.kg_build.knowledge.KnowledgeCodeBase object at 0x7f76ebfc32d0>
2025-09-08 10:39:03,563 - Knowledge - INFO - process ingested knowledge for /app/data/b2c/67174/b37789q/gbkfrontend-67174/src/components/Settings/Form/Uploader.module.css
2025-09-08 10:39:03,635 - Knowledge - INFO - process ingested knowledge for /app/data/b2c/67174/b37789q/gbkfrontend-67174/src/components/Settings/Form/Form.js
2025-09-08 10:39:03,673 - Knowledge - INFO - Found code_base: <app.utils.kg_build.knowledge.KnowledgeCodeBase object at 0x7f76ebfc32d0>
2025-09-08 10:39:03,780 - Knowledge - INFO - process ingested knowledge for /app/data/b2c/67174/b37789q/gbkfrontend-67174/src/components/Settings/Form/styles.js
2025-09-08 10:39:03,825 - Knowledge - INFO - Found code_base: <app.utils.kg_build.knowledge.KnowledgeCodeBase object at 0x7f76ebfc32d0>
2025-09-08 10:39:03,973 - Knowledge - INFO - process ingested knowledge for /app/data/b2c/67174/b37789q/gbkfrontend-67174/src/components/Settings/Settings.module.css
2025-09-08 10:39:04,108 - Knowledge - INFO - knowledge worker kw20 start
2025-09-08 10:39:04,114 - Knowledge - WARNING - High connection count: 21 connections active
2025-09-08 10:39:04,210 - Knowledge - INFO - process ingested knowledge for /app/data/b2c/67174/b37789q/gbkfrontend-67174/src/components/Settings/Settings.js
2025-09-08 10:39:04,331 - Knowledge - INFO - process ingested knowledge for /app/data/b2c/67174/b37789q/gbkfrontend-67174/src/components/Payments/Modal.js
2025-09-08 10:39:04,381 - Knowledge - INFO - Found code_base: <app.utils.kg_build.knowledge.KnowledgeCodeBase object at 0x7f76ebfc32d0>
2025-09-08 10:39:04,499 - Knowledge - INFO - process ingested knowledge for /app/data/b2c/67174/b37789q/gbkfrontend-67174/src/components/Payments/AddPayment.js
2025-09-08 10:39:04,564 - Knowledge - INFO - adding /app/data/b2c/67174/b37789q/gbkfrontend-67174/src/components/Clients/Clients.module.css to ingest queue
2025-09-08 10:39:04,735 - Knowledge - INFO - persist ingested knowledge for /app/data/b2c/67174/b37789q/gbkfrontend-67174/src/components/Clients/AddClient.js
2025-09-08 10:39:05,028 - Knowledge - INFO - persist ingested knowledge for /app/data/b2c/67174/b37789q/gbkfrontend-67174/src/components/Settings/Form/icon.js
2025-09-08 10:39:05,190 - Knowledge - INFO - persist ingested knowledge for /app/data/b2c/67174/b37789q/gbkfrontend-67174/src/components/Settings/Form/Profile.js
2025-09-08 10:39:05,492 - Knowledge - INFO - worker kw21 created with dedicated MongoDB connection (total: 21)
2025-09-08 10:39:05,827 - Knowledge - INFO - persist ingested knowledge for /app/data/b2c/67174/b37789q/gbkfrontend-67174/src/components/NavBar/NavBar.js
2025-09-08 10:39:06,009 - Knowledge - INFO - adding /app/data/b2c/67174/b37789q/gbkfrontend-67174/src/components/Clients/Clients.js to ingest queue
2025-09-08 10:39:06,393 - Knowledge - INFO - knowledge worker kw21 start
2025-09-08 10:39:06,395 - Knowledge - WARNING - High connection count: 22 connections active
2025-09-08 10:39:06,542 - Knowledge - INFO - worker kw11 pull /app/data/b2c/67174/b37789q/gbkfrontend-67174/src/components/Payments/DatePicker.js from ingest queue
2025-09-08 10:39:06,543 - Knowledge - INFO - Found code-base-name: https://github.com/kavia-common/gbkfrontend-67174.git:kavia-master
2025-09-08 10:39:06,888 - Knowledge - INFO - Found code_base: <app.utils.kg_build.knowledge.KnowledgeCodeBase object at 0x7f76ebfc32d0>
2025-09-08 10:39:06,544 - Knowledge - INFO - worker kw9 pull /app/data/b2c/67174/b37789q/gbkfrontend-67174/src/components/Header/Header.js from ingest queue
2025-09-08 10:39:06,544 - Knowledge - INFO - Found code-base-name: https://github.com/kavia-common/gbkfrontend-67174.git:kavia-master
2025-09-08 10:39:06,544 - Knowledge - INFO - Found code-base-name: https://github.com/kavia-common/gbkfrontend-67174.git:kavia-master
2025-09-08 10:39:06,545 - Knowledge - INFO - Found code-base-name: https://github.com/kavia-common/gbkfrontend-67174.git:kavia-master
2025-09-08 10:39:06,545 - Knowledge - INFO - Found code-base-name: https://github.com/kavia-common/gbkfrontend-67174.git:kavia-master
2025-09-08 10:39:06,545 - Knowledge - INFO - worker kw20 pull /app/data/b2c/67174/b37789q/gbkfrontend-67174/src/components/Fab/Fab.js from ingest queue
2025-09-08 10:39:06,545 - Knowledge - INFO - Found code-base-name: https://github.com/kavia-common/gbkfrontend-67174.git:kavia-master
2025-09-08 10:39:06,545 - Knowledge - INFO - Found code-base-name: https://github.com/kavia-common/gbkfrontend-67174.git:kavia-master
2025-09-08 10:39:06,545 - Knowledge - INFO - Found code-base-name: https://github.com/kavia-common/gbkfrontend-67174.git:kavia-master
2025-09-08 10:39:06,546 - Knowledge - INFO - worker kw5 pull /app/data/b2c/67174/b37789q/gbkfrontend-67174/src/components/Login/Google.js from ingest queue
2025-09-08 10:39:06,701 - Knowledge - INFO - worker kw22 created with dedicated MongoDB connection (total: 22)
2025-09-08 10:39:07,908 - Knowledge - INFO - knowledge worker kw22 start
2025-09-08 10:39:06,833 - Knowledge - INFO - process ingested knowledge for /app/data/b2c/67174/b37789q/gbkfrontend-67174/src/components/Payments/DatePicker.js
2025-09-08 10:39:06,544 - Knowledge - INFO - worker kw19 pull /app/data/b2c/67174/b37789q/gbkfrontend-67174/src/components/Header/Header.module.css from ingest queue
2025-09-08 10:39:06,967 - Knowledge - INFO - persist ingested knowledge for /app/data/b2c/67174/b37789q/gbkfrontend-67174/src/components/Settings/Form/Input.js
2025-09-08 10:39:07,084 - Knowledge - INFO - process ingested knowledge for /app/data/b2c/67174/b37789q/gbkfrontend-67174/src/components/Header/Header.js
2025-09-08 10:39:07,169 - Knowledge - INFO - Found code_base: <app.utils.kg_build.knowledge.KnowledgeCodeBase object at 0x7f76ebfc32d0>
2025-09-08 10:39:07,243 - Knowledge - INFO - Found code_base: <app.utils.kg_build.knowledge.KnowledgeCodeBase object at 0x7f76ebfc32d0>
2025-09-08 10:39:07,317 - Knowledge - INFO - Found code_base: <app.utils.kg_build.knowledge.KnowledgeCodeBase object at 0x7f76ebfc32d0>
2025-09-08 10:39:07,384 - Knowledge - INFO - Found code_base: <app.utils.kg_build.knowledge.KnowledgeCodeBase object at 0x7f76ebfc32d0>
2025-09-08 10:39:07,514 - Knowledge - INFO - process ingested knowledge for /app/data/b2c/67174/b37789q/gbkfrontend-67174/src/components/Fab/Fab.js
2025-09-08 10:39:07,562 - Knowledge - INFO - Found code_base: <app.utils.kg_build.knowledge.KnowledgeCodeBase object at 0x7f76ebfc32d0>
2025-09-08 10:39:07,647 - Knowledge - INFO - Found code_base: <app.utils.kg_build.knowledge.KnowledgeCodeBase object at 0x7f76ebfc32d0>
2025-09-08 10:39:07,726 - Knowledge - INFO - Found code_base: <app.utils.kg_build.knowledge.KnowledgeCodeBase object at 0x7f76ebfc32d0>
2025-09-08 10:39:07,830 - Knowledge - INFO - process ingested knowledge for /app/data/b2c/67174/b37789q/gbkfrontend-67174/src/components/Login/Google.js
2025-09-08 10:39:06,710 - Knowledge - INFO - adding /app/data/b2c/67174/b37789q/gbkfrontend-67174/src/components/Clients/ClientList.js to ingest queue
2025-09-08 10:39:07,910 - Knowledge - WARNING - High connection count: 23 connections active
2025-09-08 10:39:09,393 - Knowledge - INFO - worker kw23 created with dedicated MongoDB connection (total: 23)
2025-09-08 10:39:08,452 - Knowledge - INFO - persist ingested knowledge for /app/data/b2c/67174/b37789q/gbkfrontend-67174/src/components/Settings/Form/Uploader.js
2025-09-08 10:39:08,531 - Knowledge - INFO - persist ingested knowledge for /app/data/b2c/67174/b37789q/gbkfrontend-67174/src/components/Settings/Form/Form.js
2025-09-08 10:39:08,608 - Knowledge - INFO - persist ingested knowledge for /app/data/b2c/67174/b37789q/gbkfrontend-67174/src/components/Settings/Form/styles.js
2025-09-08 10:39:08,724 - Knowledge - INFO - persist ingested knowledge for /app/data/b2c/67174/b37789q/gbkfrontend-67174/src/components/Settings/Settings.module.css
2025-09-08 10:39:08,912 - Knowledge - INFO - persist ingested knowledge for /app/data/b2c/67174/b37789q/gbkfrontend-67174/src/components/Settings/Settings.js
2025-09-08 10:39:08,993 - Knowledge - INFO - persist ingested knowledge for /app/data/b2c/67174/b37789q/gbkfrontend-67174/src/components/Payments/Modal.js
2025-09-08 10:39:09,080 - Knowledge - INFO - persist ingested knowledge for /app/data/b2c/67174/b37789q/gbkfrontend-67174/src/components/Payments/AddPayment.js
2025-09-08 10:39:09,294 - Knowledge - INFO - adding /app/data/b2c/67174/b37789q/gbkfrontend-67174/src/components/svgIcons/Empty.js to ingest queue
2025-09-08 10:39:08,183 - Knowledge - INFO - process ingested knowledge for /app/data/b2c/67174/b37789q/gbkfrontend-67174/src/components/Header/Header.module.css
2025-09-08 10:39:09,500 - Knowledge - INFO - knowledge worker kw23 start
2025-09-08 10:39:09,503 - Knowledge - WARNING - High connection count: 24 connections active
2025-09-08 10:39:10,323 - Knowledge - INFO - Found code-base-name: https://github.com/kavia-common/gbkfrontend-67174.git:kavia-master
2025-09-08 10:39:10,377 - Knowledge - INFO - adding /app/data/b2c/67174/b37789q/gbkfrontend-67174/src/components/Clients/AddClient.js to ingest queue
2025-09-08 10:39:10,640 - Knowledge - INFO - worker kw24 created with dedicated MongoDB connection (total: 24)
2025-09-08 10:39:10,740 - Knowledge - INFO - Found code_base: <app.utils.kg_build.knowledge.KnowledgeCodeBase object at 0x7f76ebfc32d0>
2025-09-08 10:39:10,843 - Knowledge - INFO - worker kw21 pull /app/data/b2c/67174/b37789q/gbkfrontend-67174/src/components/Login/Icon.js from ingest queue
2025-09-08 10:39:10,843 - Knowledge - INFO - adding /app/data/b2c/67174/b37789q/gbkfrontend-67174/src/components/Settings/Form/Profile.js to ingest queue
2025-09-08 10:39:10,958 - Knowledge - INFO - knowledge worker kw24 start
2025-09-08 10:39:10,960 - Knowledge - WARNING - High connection count: 25 connections active
2025-09-08 10:39:11,039 - Knowledge - INFO - persist ingested knowledge for /app/data/b2c/67174/b37789q/gbkfrontend-67174/src/components/Settings/Form/Uploader.module.css
2025-09-08 10:39:11,187 - Knowledge - INFO - process ingested knowledge for /app/data/b2c/67174/b37789q/gbkfrontend-67174/src/components/Login/Icon.js
2025-09-08 10:39:11,257 - Knowledge - INFO - adding /app/data/b2c/67174/b37789q/gbkfrontend-67174/src/components/NavBar/NavBar.js to ingest queue
2025-09-08 10:39:11,448 - Knowledge - INFO - worker kw25 created with dedicated MongoDB connection (total: 25)
2025-09-08 10:39:11,756 - Knowledge - INFO - worker kw22 pull /app/data/b2c/67174/b37789q/gbkfrontend-67174/src/components/Login/Login.js from ingest queue
2025-09-08 10:39:11,756 - Knowledge - INFO - Found code-base-name: https://github.com/kavia-common/gbkfrontend-67174.git:kavia-master
2025-09-08 10:39:11,817 - Knowledge - INFO - Found code-base-name: https://github.com/kavia-common/gbkfrontend-67174.git:kavia-master
2025-09-08 10:39:11,817 - Knowledge - INFO - Found code-base-name: https://github.com/kavia-common/gbkfrontend-67174.git:kavia-master
2025-09-08 10:39:12,143 - Knowledge - INFO - Found code_base: <app.utils.kg_build.knowledge.KnowledgeCodeBase object at 0x7f76ebfc32d0>
2025-09-08 10:39:11,817 - Knowledge - INFO - worker kw10 pull /app/data/b2c/67174/b37789q/gbkfrontend-67174/src/components/Login/Login.module.css from ingest queue
2025-09-08 10:39:11,835 - Knowledge - INFO - knowledge worker kw25 start
2025-09-08 10:39:11,940 - Knowledge - INFO - process ingested knowledge for /app/data/b2c/67174/b37789q/gbkfrontend-67174/src/components/Login/Login.js
2025-09-08 10:39:11,988 - Knowledge - INFO - Found code_base: <app.utils.kg_build.knowledge.KnowledgeCodeBase object at 0x7f76ebfc32d0>
2025-09-08 10:39:12,061 - Knowledge - INFO - Found code_base: <app.utils.kg_build.knowledge.KnowledgeCodeBase object at 0x7f76ebfc32d0>
2025-09-08 10:39:12,124 - Knowledge - INFO - worker kw4 pull /app/data/b2c/67174/b37789q/gbkfrontend-67174/src/components/Login/Field.js from ingest queue
2025-09-08 10:39:12,124 - Knowledge - INFO - adding /app/data/b2c/67174/b37789q/gbkfrontend-67174/src/components/Settings/Form/icon.js to ingest queue
2025-09-08 10:39:11,817 - Knowledge - INFO - Found code-base-name: https://github.com/kavia-common/gbkfrontend-67174.git:kavia-master
2025-09-08 10:39:12,224 - Knowledge - INFO - persist ingested knowledge for /app/data/b2c/67174/b37789q/gbkfrontend-67174/src/components/Fab/Fab.js
2025-09-08 10:39:12,321 - Knowledge - INFO - process ingested knowledge for /app/data/b2c/67174/b37789q/gbkfrontend-67174/src/components/Login/Login.module.css
2025-09-08 10:39:12,574 - Knowledge - INFO - persist ingested knowledge for /app/data/b2c/67174/b37789q/gbkfrontend-67174/src/components/Payments/DatePicker.js
2025-09-08 10:39:12,678 - Knowledge - INFO - persist ingested knowledge for /app/data/b2c/67174/b37789q/gbkfrontend-67174/src/components/Header/Header.js
2025-09-08 10:39:12,779 - Knowledge - INFO - process ingested knowledge for /app/data/b2c/67174/b37789q/gbkfrontend-67174/src/components/Login/Field.js
2025-09-08 10:39:12,834 - Knowledge - INFO - worker kw23 pull /app/data/b2c/67174/b37789q/gbkfrontend-67174/src/components/Login/styles.js from ingest queue
2025-09-08 10:39:12,835 - Knowledge - INFO - worker kw6 pull /app/data/b2c/67174/b37789q/gbkfrontend-67174/src/components/Home/Home.js from ingest queue
2025-09-08 10:39:12,836 - Knowledge - INFO - worker kw1 pull /app/data/b2c/67174/b37789q/gbkfrontend-67174/src/components/Home/Home.module.css from ingest queue
2025-09-08 10:39:12,891 - Knowledge - INFO - worker kw8 pull /app/data/b2c/67174/b37789q/gbkfrontend-67174/src/components/Invoice/Invoice.js from ingest queue
2025-09-08 10:39:12,911 - Knowledge - INFO - Found code_base: <app.utils.kg_build.knowledge.KnowledgeCodeBase object at 0x7f76ebfc32d0>
2025-09-08 10:39:12,945 - Knowledge - INFO - adding /app/data/b2c/67174/b37789q/gbkfrontend-67174/src/components/Settings/Form/Uploader.js to ingest queue
2025-09-08 10:39:13,507 - Knowledge - INFO - process ingested knowledge for /app/data/b2c/67174/b37789q/gbkfrontend-67174/src/components/Login/styles.js
2025-09-08 10:39:13,603 - Knowledge - INFO - process ingested knowledge for /app/data/b2c/67174/b37789q/gbkfrontend-67174/src/components/Home/Home.js
2025-09-08 10:39:13,702 - Knowledge - INFO - process ingested knowledge for /app/data/b2c/67174/b37789q/gbkfrontend-67174/src/components/Home/Home.module.css
2025-09-08 10:39:13,772 - Knowledge - INFO - process ingested knowledge for /app/data/b2c/67174/b37789q/gbkfrontend-67174/src/components/Invoice/Invoice.js
2025-09-08 10:39:13,858 - Knowledge - INFO - persist ingested knowledge for /app/data/b2c/67174/b37789q/gbkfrontend-67174/src/components/Login/Google.js
2025-09-08 10:39:13,942 - Knowledge - INFO - adding /app/data/b2c/67174/b37789q/gbkfrontend-67174/src/components/Settings/Form/styles.js to ingest queue
2025-09-08 10:39:14,448 - Knowledge - INFO - worker kw16 pull /app/data/b2c/67174/b37789q/gbkfrontend-67174/src/components/Invoice/Invoice.module.css from ingest queue
2025-09-08 10:39:14,449 - Knowledge - INFO - adding /app/data/b2c/67174/b37789q/gbkfrontend-67174/src/components/Settings/Settings.js to ingest queue
2025-09-08 10:39:14,572 - Knowledge - INFO - process ingested knowledge for /app/data/b2c/67174/b37789q/gbkfrontend-67174/src/components/Invoice/Invoice.module.css
2025-09-08 10:39:14,626 - Knowledge - INFO - Found code-base-name: https://github.com/kavia-common/gbkfrontend-67174.git:kavia-master
2025-09-08 10:39:14,626 - Knowledge - INFO - adding /app/data/b2c/67174/b37789q/gbkfrontend-67174/src/components/Payments/AddPayment.js to ingest queue
2025-09-08 10:39:14,801 - Knowledge - INFO - Found code_base: <app.utils.kg_build.knowledge.KnowledgeCodeBase object at 0x7f76ebfc32d0>
2025-09-08 10:39:14,878 - Knowledge - INFO - worker kw25 pull /app/data/b2c/67174/b37789q/gbkfrontend-67174/src/components/Invoice/InvoiceType.js from ingest queue
2025-09-08 10:39:14,878 - Knowledge - INFO - Found code-base-name: https://github.com/kavia-common/gbkfrontend-67174.git:kavia-master
2025-09-08 10:39:14,879 - Knowledge - INFO - worker kw12 pull /app/data/b2c/67174/b37789q/gbkfrontend-67174/src/components/Invoice/SelectType.js from ingest queue
2025-09-08 10:39:14,879 - Knowledge - INFO - worker kw24 pull /app/data/b2c/67174/b37789q/gbkfrontend-67174/src/components/Invoice/AddClient.js from ingest queue
2025-09-08 10:39:14,879 - Knowledge - INFO - adding /app/data/b2c/67174/b37789q/gbkfrontend-67174/src/components/Settings/Form/Input.js to ingest queue
2025-09-08 10:39:14,960 - Knowledge - INFO - persist ingested knowledge for /app/data/b2c/67174/b37789q/gbkfrontend-67174/src/components/Header/Header.module.css
2025-09-08 10:39:15,097 - Knowledge - INFO - process ingested knowledge for /app/data/b2c/67174/b37789q/gbkfrontend-67174/src/components/Invoice/InvoiceType.js
2025-09-08 10:39:15,130 - Knowledge - INFO - Found code_base: <app.utils.kg_build.knowledge.KnowledgeCodeBase object at 0x7f76ebfc32d0>
2025-09-08 10:39:15,257 - Knowledge - INFO - process ingested knowledge for /app/data/b2c/67174/b37789q/gbkfrontend-67174/src/components/Invoice/SelectType.js
2025-09-08 10:39:15,334 - Knowledge - INFO - process ingested knowledge for /app/data/b2c/67174/b37789q/gbkfrontend-67174/src/components/Invoice/AddClient.js
2025-09-08 10:39:15,390 - Knowledge - INFO - adding /app/data/b2c/67174/b37789q/gbkfrontend-67174/src/components/Settings/Form/Uploader.module.css to ingest queue
2025-09-08 10:39:15,638 - Knowledge - INFO - persist ingested knowledge for /app/data/b2c/67174/b37789q/gbkfrontend-67174/src/components/Login/Login.js
2025-09-08 10:39:15,916 - Knowledge - INFO - adding /app/data/b2c/67174/b37789q/gbkfrontend-67174/src/components/Settings/Form/Form.js to ingest queue
2025-09-08 10:39:16,127 - Knowledge - INFO - Found code-base-name: https://github.com/kavia-common/gbkfrontend-67174.git:kavia-master
2025-09-08 10:39:16,222 - Knowledge - INFO - Found code_base: <app.utils.kg_build.knowledge.KnowledgeCodeBase object at 0x7f76ebfc32d0>
2025-09-08 10:39:16,237 - Knowledge - INFO - Found code-base-name: https://github.com/kavia-common/gbkfrontend-67174.git:kavia-master
2025-09-08 10:39:16,237 - Knowledge - INFO - worker kw14 pull /app/data/b2c/67174/b37789q/gbkfrontend-67174/src/components/InvoiceDetails/InvoiceDetails.module.css from ingest queue
2025-09-08 10:39:16,237 - Knowledge - INFO - Found code-base-name: https://github.com/kavia-common/gbkfrontend-67174.git:kavia-master
2025-09-08 10:39:16,237 - Knowledge - INFO - Found code-base-name: https://github.com/kavia-common/gbkfrontend-67174.git:kavia-master
2025-09-08 10:39:16,238 - Knowledge - INFO - Found code-base-name: https://github.com/kavia-common/gbkfrontend-67174.git:kavia-master
2025-09-08 10:39:16,291 - Knowledge - INFO - adding /app/data/b2c/67174/b37789q/gbkfrontend-67174/src/components/Settings/Settings.module.css to ingest queue
2025-09-08 10:39:16,301 - Knowledge - INFO - persist ingested knowledge for /app/data/b2c/67174/b37789q/gbkfrontend-67174/src/components/Login/Login.module.css
2025-09-08 10:39:16,382 - Knowledge - INFO - Found code_base: <app.utils.kg_build.knowledge.KnowledgeCodeBase object at 0x7f76ebfc32d0>
2025-09-08 10:39:16,531 - Knowledge - INFO - process ingested knowledge for /app/data/b2c/67174/b37789q/gbkfrontend-67174/src/components/InvoiceDetails/InvoiceDetails.module.css
2025-09-08 10:39:16,582 - Knowledge - INFO - Found code_base: <app.utils.kg_build.knowledge.KnowledgeCodeBase object at 0x7f76ebfc32d0>
2025-09-08 10:39:16,654 - Knowledge - INFO - Found code_base: <app.utils.kg_build.knowledge.KnowledgeCodeBase object at 0x7f76ebfc32d0>
2025-09-08 10:39:16,753 - Knowledge - INFO - Found code_base: <app.utils.kg_build.knowledge.KnowledgeCodeBase object at 0x7f76ebfc32d0>
2025-09-08 10:39:16,833 - Knowledge - INFO - adding /app/data/b2c/67174/b37789q/gbkfrontend-67174/src/components/Payments/Modal.js to ingest queue
2025-09-08 10:39:17,062 - Knowledge - INFO - persist ingested knowledge for /app/data/b2c/67174/b37789q/gbkfrontend-67174/src/components/Login/Field.js
2025-09-08 10:39:17,209 - Knowledge - INFO - persist ingested knowledge for /app/data/b2c/67174/b37789q/gbkfrontend-67174/src/components/Login/styles.js
2025-09-08 10:39:17,292 - Knowledge - INFO - persist ingested knowledge for /app/data/b2c/67174/b37789q/gbkfrontend-67174/src/components/Home/Home.module.css
2025-09-08 10:39:17,383 - Knowledge - INFO - persist ingested knowledge for /app/data/b2c/67174/b37789q/gbkfrontend-67174/src/components/Invoice/Invoice.js
2025-09-08 10:39:17,469 - Knowledge - INFO - worker kw17 pull /app/data/b2c/67174/b37789q/gbkfrontend-67174/src/components/InvoiceDetails/InvoiceDetails.js from ingest queue
2025-09-08 10:39:17,471 - Knowledge - INFO - Found code-base-name: https://github.com/kavia-common/gbkfrontend-67174.git:kavia-master
2025-09-08 10:39:17,471 - Knowledge - INFO - Found code-base-name: https://github.com/kavia-common/gbkfrontend-67174.git:kavia-master
2025-09-08 10:39:17,471 - Knowledge - INFO - worker kw13 pull /app/data/b2c/67174/b37789q/gbkfrontend-67174/src/components/InvoiceDetails/PaymentHistory.js from ingest queue
2025-09-08 10:39:17,526 - Knowledge - INFO - Found code-base-name: https://github.com/kavia-common/gbkfrontend-67174.git:kavia-master
2025-09-08 10:39:17,526 - Knowledge - INFO - Found code-base-name: https://github.com/kavia-common/gbkfrontend-67174.git:kavia-master
2025-09-08 10:39:17,526 - Knowledge - INFO - worker kw15 pull /app/data/b2c/67174/b37789q/gbkfrontend-67174/src/components/Password/Forgot.js from ingest queue
2025-09-08 10:39:17,572 - Knowledge - INFO - adding /app/data/b2c/67174/b37789q/gbkfrontend-67174/src/components/Fab/Fab.js to ingest queue
2025-09-08 10:39:18,007 - Knowledge - INFO - process ingested knowledge for /app/data/b2c/67174/b37789q/gbkfrontend-67174/src/components/InvoiceDetails/InvoiceDetails.js
2025-09-08 10:39:18,059 - Knowledge - INFO - Found code_base: <app.utils.kg_build.knowledge.KnowledgeCodeBase object at 0x7f76ebfc32d0>
2025-09-08 10:39:18,151 - Knowledge - INFO - Found code_base: <app.utils.kg_build.knowledge.KnowledgeCodeBase object at 0x7f76ebfc32d0>
2025-09-08 10:39:18,276 - Knowledge - INFO - process ingested knowledge for /app/data/b2c/67174/b37789q/gbkfrontend-67174/src/components/InvoiceDetails/PaymentHistory.js
2025-09-08 10:39:18,367 - Knowledge - INFO - Found code_base: <app.utils.kg_build.knowledge.KnowledgeCodeBase object at 0x7f76ebfc32d0>
2025-09-08 10:39:18,460 - Knowledge - INFO - Found code_base: <app.utils.kg_build.knowledge.KnowledgeCodeBase object at 0x7f76ebfc32d0>
2025-09-08 10:39:18,566 - Knowledge - INFO - process ingested knowledge for /app/data/b2c/67174/b37789q/gbkfrontend-67174/src/components/Password/Forgot.js
2025-09-08 10:39:18,611 - Knowledge - INFO - adding /app/data/b2c/67174/b37789q/gbkfrontend-67174/src/components/Payments/DatePicker.js to ingest queue
2025-09-08 10:39:18,818 - Knowledge - INFO - persist ingested knowledge for /app/data/b2c/67174/b37789q/gbkfrontend-67174/src/components/Invoice/Invoice.module.css
2025-09-08 10:39:18,895 - Knowledge - INFO - persist ingested knowledge for /app/data/b2c/67174/b37789q/gbkfrontend-67174/src/components/Login/Icon.js
2025-09-08 10:39:19,120 - Knowledge - INFO - persist ingested knowledge for /app/data/b2c/67174/b37789q/gbkfrontend-67174/src/components/Invoice/SelectType.js
2025-09-08 10:39:19,192 - Knowledge - INFO - persist ingested knowledge for /app/data/b2c/67174/b37789q/gbkfrontend-67174/src/components/Invoice/AddClient.js
2025-09-08 10:39:19,382 - Knowledge - INFO - adding /app/data/b2c/67174/b37789q/gbkfrontend-67174/src/components/Header/Header.js to ingest queue
2025-09-08 10:39:19,806 - Knowledge - INFO - Found code-base-name: https://github.com/kavia-common/gbkfrontend-67174.git:kavia-master
2025-09-08 10:39:19,806 - Knowledge - INFO - adding /app/data/b2c/67174/b37789q/gbkfrontend-67174/src/components/Login/Google.js to ingest queue
2025-09-08 10:39:19,881 - Knowledge - INFO - Found code_base: <app.utils.kg_build.knowledge.KnowledgeCodeBase object at 0x7f76ebfc32d0>
2025-09-08 10:39:20,084 - Knowledge - INFO - persist ingested knowledge for /app/data/b2c/67174/b37789q/gbkfrontend-67174/src/components/Home/Home.js
2025-09-08 10:39:20,054 - Knowledge - INFO - adding /app/data/b2c/67174/b37789q/gbkfrontend-67174/src/components/Login/Login.module.css to ingest queue
2025-09-08 10:39:19,981 - Knowledge - INFO - worker kw2 pull /app/data/b2c/67174/b37789q/gbkfrontend-67174/src/components/Password/Password.module.css from ingest queue
2025-09-08 10:39:20,281 - Knowledge - INFO - worker kw18 pull /app/data/b2c/67174/b37789q/gbkfrontend-67174/src/components/Password/Reset.js from ingest queue
2025-09-08 10:39:20,281 - Knowledge - INFO - Found code-base-name: https://github.com/kavia-common/gbkfrontend-67174.git:kavia-master
2025-09-08 10:39:20,535 - Knowledge - INFO - Found code_base: <app.utils.kg_build.knowledge.KnowledgeCodeBase object at 0x7f76ebfc32d0>
2025-09-08 10:39:20,405 - Knowledge - INFO - process ingested knowledge for /app/data/b2c/67174/b37789q/gbkfrontend-67174/src/components/Password/Password.module.css
2025-09-08 10:39:20,481 - Knowledge - INFO - process ingested knowledge for /app/data/b2c/67174/b37789q/gbkfrontend-67174/src/components/Password/Reset.js
2025-09-08 10:39:20,281 - Knowledge - INFO - adding /app/data/b2c/67174/b37789q/gbkfrontend-67174/src/components/Header/Header.module.css to ingest queue
2025-09-08 10:39:20,928 - Knowledge - INFO - adding /app/data/b2c/67174/b37789q/gbkfrontend-67174/src/components/Login/Login.js to ingest queue
2025-09-08 10:39:20,614 - Knowledge - INFO - persist ingested knowledge for /app/data/b2c/67174/b37789q/gbkfrontend-67174/src/components/Invoice/InvoiceType.js
2025-09-08 10:39:21,246 - Knowledge - INFO - worker kw20 pull /app/data/b2c/67174/b37789q/gbkfrontend-67174/src/components/Password/styles.js from ingest queue
2025-09-08 10:39:21,246 - Knowledge - INFO - Found code-base-name: https://github.com/kavia-common/gbkfrontend-67174.git:kavia-master
2025-09-08 10:39:21,247 - Knowledge - INFO - Found code-base-name: https://github.com/kavia-common/gbkfrontend-67174.git:kavia-master
2025-09-08 10:39:21,247 - Knowledge - INFO - worker kw11 pull /app/data/b2c/67174/b37789q/gbkfrontend-67174/src/components/Icons.js from ingest queue
2025-09-08 10:39:21,408 - Knowledge - INFO - worker kw9 pull /app/data/b2c/67174/b37789q/gbkfrontend-67174/src/components/Footer/Footer.module.css from ingest queue
2025-09-08 10:39:21,408 - Knowledge - INFO - worker kw5 pull /app/data/b2c/67174/b37789q/gbkfrontend-67174/src/components/Footer/Footer.js from ingest queue
2025-09-08 10:39:21,439 - Knowledge - INFO - process ingested knowledge for /app/data/b2c/67174/b37789q/gbkfrontend-67174/src/components/Password/styles.js
2025-09-08 10:39:21,443 - Knowledge - INFO - Found code_base: <app.utils.kg_build.knowledge.KnowledgeCodeBase object at 0x7f76ebfc32d0>
2025-09-08 10:39:21,459 - Knowledge - INFO - worker kw10 pull /app/data/b2c/67174/b37789q/gbkfrontend-67174/src/components/Spinner/Spinner.module.css from ingest queue
2025-09-08 10:39:21,459 - Knowledge - INFO - worker kw7 pull /app/data/b2c/67174/b37789q/gbkfrontend-67174/src/components/Spinner/Spinner.js from ingest queue
2025-09-08 10:39:21,460 - Knowledge - INFO - Found code-base-name: https://github.com/kavia-common/gbkfrontend-67174.git:kavia-master
2025-09-08 10:39:22,339 - Knowledge - INFO - Found code_base: <app.utils.kg_build.knowledge.KnowledgeCodeBase object at 0x7f76ebfc32d0>
2025-09-08 10:39:21,460 - Knowledge - INFO - adding /app/data/b2c/67174/b37789q/gbkfrontend-67174/src/components/Login/Field.js to ingest queue
2025-09-08 10:39:21,544 - Knowledge - INFO - Found code_base: <app.utils.kg_build.knowledge.KnowledgeCodeBase object at 0x7f76ebfc32d0>
2025-09-08 10:39:21,684 - Knowledge - INFO - process ingested knowledge for /app/data/b2c/67174/b37789q/gbkfrontend-67174/src/components/Icons.js
2025-09-08 10:39:21,759 - Knowledge - INFO - process ingested knowledge for /app/data/b2c/67174/b37789q/gbkfrontend-67174/src/components/Footer/Footer.module.css
2025-09-08 10:39:21,862 - Knowledge - INFO - process ingested knowledge for /app/data/b2c/67174/b37789q/gbkfrontend-67174/src/components/Footer/Footer.js
2025-09-08 10:39:22,015 - Knowledge - INFO - persist ingested knowledge for /app/data/b2c/67174/b37789q/gbkfrontend-67174/src/components/InvoiceDetails/InvoiceDetails.js
2025-09-08 10:39:22,144 - Knowledge - INFO - process ingested knowledge for /app/data/b2c/67174/b37789q/gbkfrontend-67174/src/components/Spinner/Spinner.module.css
2025-09-08 10:39:22,260 - Knowledge - INFO - process ingested knowledge for /app/data/b2c/67174/b37789q/gbkfrontend-67174/src/components/Spinner/Spinner.js
2025-09-08 10:39:21,460 - Knowledge - INFO - worker kw22 pull /app/data/b2c/67174/b37789q/gbkfrontend-67174/src/initialState.js from ingest queue
2025-09-08 10:39:22,412 - Knowledge - INFO - persist ingested knowledge for /app/data/b2c/67174/b37789q/gbkfrontend-67174/src/components/Password/Reset.js
2025-09-08 10:39:22,522 - Knowledge - INFO - adding /app/data/b2c/67174/b37789q/gbkfrontend-67174/src/components/Login/styles.js to ingest queue
2025-09-08 10:39:22,604 - Knowledge - INFO - persist ingested knowledge for /app/data/b2c/67174/b37789q/gbkfrontend-67174/src/components/Password/Forgot.js
2025-09-08 10:39:23,290 - Knowledge - INFO - process ingested knowledge for /app/data/b2c/67174/b37789q/gbkfrontend-67174/src/initialState.js
2025-09-08 10:39:23,444 - Knowledge - INFO - adding /app/data/b2c/67174/b37789q/gbkfrontend-67174/src/components/Home/Home.module.css to ingest queue
2025-09-08 10:39:23,708 - Knowledge - INFO - Found code-base-name: https://github.com/kavia-common/gbkfrontend-67174.git:kavia-master
2025-09-08 10:39:23,760 - Knowledge - INFO - adding /app/data/b2c/67174/b37789q/gbkfrontend-67174/src/components/Invoice/Invoice.js to ingest queue
2025-09-08 10:39:23,815 - Knowledge - INFO - Found code_base: <app.utils.kg_build.knowledge.KnowledgeCodeBase object at 0x7f76ebfc32d0>
2025-09-08 10:39:23,899 - Knowledge - INFO - adding /app/data/b2c/67174/b37789q/gbkfrontend-67174/src/components/Invoice/Invoice.module.css to ingest queue
2025-09-08 10:39:24,104 - Knowledge - INFO - adding /app/data/b2c/67174/b37789q/gbkfrontend-67174/src/components/Invoice/SelectType.js to ingest queue
2025-09-08 10:39:24,000 - Knowledge - INFO - persist ingested knowledge for /app/data/b2c/67174/b37789q/gbkfrontend-67174/src/components/InvoiceDetails/PaymentHistory.js
2025-09-08 10:39:24,200 - Knowledge - INFO - Found code-base-name: https://github.com/kavia-common/gbkfrontend-67174.git:kavia-master
2025-09-08 10:39:24,200 - Knowledge - INFO - adding /app/data/b2c/67174/b37789q/gbkfrontend-67174/src/components/Invoice/AddClient.js to ingest queue
2025-09-08 10:39:24,385 - Knowledge - INFO - Found code_base: <app.utils.kg_build.knowledge.KnowledgeCodeBase object at 0x7f76ebfc32d0>
2025-09-08 10:39:24,489 - Knowledge - INFO - worker kw3 pull /app/data/b2c/67174/b37789q/gbkfrontend-67174/src/utils/utils.js from ingest queue
2025-09-08 10:39:24,489 - Knowledge - INFO - Found code-base-name: https://github.com/kavia-common/gbkfrontend-67174.git:kavia-master
2025-09-08 10:39:24,490 - Knowledge - INFO - worker kw19 pull /app/data/b2c/67174/b37789q/gbkfrontend-67174/src/actions/constants.js from ingest queue
2025-09-08 10:39:24,545 - Knowledge - INFO - worker kw4 pull /app/data/b2c/67174/b37789q/gbkfrontend-67174/src/actions/profile.js from ingest queue
2025-09-08 10:39:24,545 - Knowledge - INFO - Found code-base-name: https://github.com/kavia-common/gbkfrontend-67174.git:kavia-master
2025-09-08 10:39:24,545 - Knowledge - INFO - Found code-base-name: https://github.com/kavia-common/gbkfrontend-67174.git:kavia-master
2025-09-08 10:39:24,558 - Knowledge - INFO - persist ingested knowledge for /app/data/b2c/67174/b37789q/gbkfrontend-67174/src/components/InvoiceDetails/InvoiceDetails.module.css
2025-09-08 10:39:24,598 - Knowledge - INFO - Found code-base-name: https://github.com/kavia-common/gbkfrontend-67174.git:kavia-master
2025-09-08 10:39:24,598 - Knowledge - INFO - Found code-base-name: https://github.com/kavia-common/gbkfrontend-67174.git:kavia-master
2025-09-08 10:39:24,644 - Knowledge - INFO - worker kw23 pull /app/data/b2c/67174/b37789q/gbkfrontend-67174/src/actions/invoiceActions.js from ingest queue
2025-09-08 10:39:24,644 - Knowledge - INFO - adding /app/data/b2c/67174/b37789q/gbkfrontend-67174/src/components/Password/Reset.js to ingest queue
2025-09-08 10:39:24,660 - Knowledge - INFO - process ingested knowledge for /app/data/b2c/67174/b37789q/gbkfrontend-67174/src/utils/utils.js
2025-09-08 10:39:24,729 - Knowledge - INFO - Found code_base: <app.utils.kg_build.knowledge.KnowledgeCodeBase object at 0x7f76ebfc32d0>
2025-09-08 10:39:24,877 - Knowledge - INFO - process ingested knowledge for /app/data/b2c/67174/b37789q/gbkfrontend-67174/src/actions/constants.js
2025-09-08 10:39:24,994 - Knowledge - INFO - process ingested knowledge for /app/data/b2c/67174/b37789q/gbkfrontend-67174/src/actions/profile.js
2025-09-08 10:39:25,070 - Knowledge - INFO - Found code_base: <app.utils.kg_build.knowledge.KnowledgeCodeBase object at 0x7f76ebfc32d0>
2025-09-08 10:39:25,183 - Knowledge - INFO - Found code_base: <app.utils.kg_build.knowledge.KnowledgeCodeBase object at 0x7f76ebfc32d0>
2025-09-08 10:39:25,381 - Knowledge - INFO - Found code_base: <app.utils.kg_build.knowledge.KnowledgeCodeBase object at 0x7f76ebfc32d0>
2025-09-08 10:39:25,477 - Knowledge - INFO - Found code_base: <app.utils.kg_build.knowledge.KnowledgeCodeBase object at 0x7f76ebfc32d0>
2025-09-08 10:39:25,606 - Knowledge - INFO - process ingested knowledge for /app/data/b2c/67174/b37789q/gbkfrontend-67174/src/actions/invoiceActions.js
2025-09-08 10:39:25,686 - Knowledge - INFO - worker kw1 pull /app/data/b2c/67174/b37789q/gbkfrontend-67174/src/actions/auth.js from ingest queue
2025-09-08 10:39:25,686 - Knowledge - INFO - adding /app/data/b2c/67174/b37789q/gbkfrontend-67174/src/components/Login/Icon.js to ingest queue
2025-09-08 10:39:25,886 - Knowledge - INFO - persist ingested knowledge for /app/data/b2c/67174/b37789q/gbkfrontend-67174/src/components/Password/Password.module.css
2025-09-08 10:39:26,145 - Knowledge - INFO - persist ingested knowledge for /app/data/b2c/67174/b37789q/gbkfrontend-67174/src/components/Icons.js
2025-09-08 10:39:26,220 - Knowledge - INFO - persist ingested knowledge for /app/data/b2c/67174/b37789q/gbkfrontend-67174/src/components/Footer/Footer.js
2025-09-08 10:39:26,321 - Knowledge - INFO - persist ingested knowledge for /app/data/b2c/67174/b37789q/gbkfrontend-67174/src/components/Spinner/Spinner.module.css
2025-09-08 10:39:26,417 - Knowledge - INFO - persist ingested knowledge for /app/data/b2c/67174/b37789q/gbkfrontend-67174/src/components/Spinner/Spinner.js
2025-09-08 10:39:26,606 - Knowledge - INFO - process ingested knowledge for /app/data/b2c/67174/b37789q/gbkfrontend-67174/src/actions/auth.js
2025-09-08 10:39:26,644 - Knowledge - INFO - worker kw16 pull /app/data/b2c/67174/b37789q/gbkfrontend-67174/src/actions/clientActions.js from ingest queue
2025-09-08 10:39:26,645 - Knowledge - INFO - worker kw12 pull /app/data/b2c/67174/b37789q/gbkfrontend-67174/src/reducers/auth.js from ingest queue
2025-09-08 10:39:26,645 - Knowledge - INFO - adding /app/data/b2c/67174/b37789q/gbkfrontend-67174/src/components/Home/Home.js to ingest queue
2025-09-08 10:39:27,341 - Knowledge - INFO - process ingested knowledge for /app/data/b2c/67174/b37789q/gbkfrontend-67174/src/actions/clientActions.js
2025-09-08 10:39:27,440 - Knowledge - INFO - process ingested knowledge for /app/data/b2c/67174/b37789q/gbkfrontend-67174/src/reducers/auth.js
2025-09-08 10:39:27,469 - Knowledge - INFO - worker kw6 pull /app/data/b2c/67174/b37789q/gbkfrontend-67174/src/reducers/clients.js from ingest queue
2025-09-08 10:39:27,472 - Knowledge - INFO - Found code-base-name: https://github.com/kavia-common/gbkfrontend-67174.git:kavia-master
2025-09-08 10:39:27,472 - Knowledge - INFO - adding /app/data/b2c/67174/b37789q/gbkfrontend-67174/src/components/InvoiceDetails/InvoiceDetails.js to ingest queue
2025-09-08 10:39:27,779 - Knowledge - INFO - process ingested knowledge for /app/data/b2c/67174/b37789q/gbkfrontend-67174/src/reducers/clients.js
2025-09-08 10:39:27,856 - Knowledge - INFO - Found code_base: <app.utils.kg_build.knowledge.KnowledgeCodeBase object at 0x7f76ebfc32d0>
2025-09-08 10:39:27,992 - Knowledge - INFO - Found code-base-name: https://github.com/kavia-common/gbkfrontend-67174.git:kavia-master
2025-09-08 10:39:28,058 - Knowledge - INFO - worker kw18 pull /app/data/b2c/67174/b37789q/gbkfrontend-67174/src/reducers/index.js from ingest queue
2025-09-08 10:39:28,058 - Knowledge - INFO - worker kw8 pull /app/data/b2c/67174/b37789q/gbkfrontend-67174/src/reducers/invoices.js from ingest queue
2025-09-08 10:39:28,058 - Knowledge - INFO - Found code-base-name: https://github.com/kavia-common/gbkfrontend-67174.git:kavia-master
2025-09-08 10:39:28,059 - Knowledge - INFO - Found code-base-name: https://github.com/kavia-common/gbkfrontend-67174.git:kavia-master
2025-09-08 10:39:28,092 - Knowledge - INFO - persist ingested knowledge for /app/data/b2c/67174/b37789q/gbkfrontend-67174/src/components/Footer/Footer.module.css
2025-09-08 10:39:28,109 - Knowledge - INFO - worker kw21 pull /app/data/b2c/67174/b37789q/gbkfrontend-67174/src/reducers/profiles.js from ingest queue
2025-09-08 10:39:28,203 - Knowledge - INFO - Found code_base: <app.utils.kg_build.knowledge.KnowledgeCodeBase object at 0x7f76ebfc32d0>
2025-09-08 10:39:28,321 - Knowledge - INFO - process ingested knowledge for /app/data/b2c/67174/b37789q/gbkfrontend-67174/src/reducers/index.js
2025-09-08 10:39:28,370 - Knowledge - INFO - Found code-base-name: https://github.com/kavia-common/gbkfrontend-67174.git:kavia-master
2025-09-08 10:39:28,370 - Knowledge - INFO - Found code-base-name: https://github.com/kavia-common/gbkfrontend-67174.git:kavia-master
2025-09-08 10:39:28,370 - Knowledge - INFO - adding /app/data/b2c/67174/b37789q/gbkfrontend-67174/src/components/Invoice/InvoiceType.js to ingest queue
2025-09-08 10:39:28,390 - Knowledge - INFO - process ingested knowledge for /app/data/b2c/67174/b37789q/gbkfrontend-67174/src/reducers/invoices.js
2025-09-08 10:39:28,443 - Knowledge - INFO - Found code_base: <app.utils.kg_build.knowledge.KnowledgeCodeBase object at 0x7f76ebfc32d0>
2025-09-08 10:39:28,537 - Knowledge - INFO - Found code_base: <app.utils.kg_build.knowledge.KnowledgeCodeBase object at 0x7f76ebfc32d0>
2025-09-08 10:39:28,714 - Knowledge - INFO - process ingested knowledge for /app/data/b2c/67174/b37789q/gbkfrontend-67174/src/reducers/profiles.js
2025-09-08 10:39:28,799 - Knowledge - INFO - persist ingested knowledge for /app/data/b2c/67174/b37789q/gbkfrontend-67174/src/initialState.js
2025-09-08 10:39:28,950 - Knowledge - INFO - Found code_base: <app.utils.kg_build.knowledge.KnowledgeCodeBase object at 0x7f76ebfc32d0>
2025-09-08 10:39:29,066 - Knowledge - INFO - Found code_base: <app.utils.kg_build.knowledge.KnowledgeCodeBase object at 0x7f76ebfc32d0>
2025-09-08 10:39:29,156 - Knowledge - INFO - Found code-base-name: https://github.com/kavia-common/gbkfrontend-67174.git:kavia-master
2025-09-08 10:39:29,156 - Knowledge - INFO - Found code-base-name: https://github.com/kavia-common/gbkfrontend-67174.git:kavia-master
2025-09-08 10:39:29,156 - Knowledge - INFO - worker kw17 pull /app/data/b2c/67174/b37789q/gbkfrontend-67174/src/index.js from ingest queue
2025-09-08 10:39:29,156 - Knowledge - INFO - adding /app/data/b2c/67174/b37789q/gbkfrontend-67174/src/components/Password/Forgot.js to ingest queue
2025-09-08 10:39:29,295 - Knowledge - INFO - persist ingested knowledge for /app/data/b2c/67174/b37789q/gbkfrontend-67174/src/actions/constants.js
2025-09-08 10:39:29,367 - Knowledge - INFO - persist ingested knowledge for /app/data/b2c/67174/b37789q/gbkfrontend-67174/src/actions/profile.js
2025-09-08 10:39:29,620 - Knowledge - INFO - persist ingested knowledge for /app/data/b2c/67174/b37789q/gbkfrontend-67174/src/actions/auth.js
2025-09-08 10:39:29,710 - Knowledge - INFO - persist ingested knowledge for /app/data/b2c/67174/b37789q/gbkfrontend-67174/src/components/Password/styles.js
2025-09-08 10:39:29,827 - Knowledge - INFO - Found code_base: <app.utils.kg_build.knowledge.KnowledgeCodeBase object at 0x7f76ebfc32d0>
2025-09-08 10:39:29,905 - Knowledge - INFO - Found code_base: <app.utils.kg_build.knowledge.KnowledgeCodeBase object at 0x7f76ebfc32d0>
2025-09-08 10:39:30,044 - Knowledge - INFO - process ingested knowledge for /app/data/b2c/67174/b37789q/gbkfrontend-67174/src/index.js
2025-09-08 10:39:30,101 - Knowledge - INFO - Found code-base-name: https://github.com/kavia-common/gbkfrontend-67174.git:kavia-master
2025-09-08 10:39:30,103 - Knowledge - INFO - adding /app/data/b2c/67174/b37789q/gbkfrontend-67174/src/components/InvoiceDetails/InvoiceDetails.module.css to ingest queue
2025-09-08 10:39:30,521 - Knowledge - INFO - persist ingested knowledge for /app/data/b2c/67174/b37789q/gbkfrontend-67174/src/actions/clientActions.js
2025-09-08 10:39:30,621 - Knowledge - INFO - persist ingested knowledge for /app/data/b2c/67174/b37789q/gbkfrontend-67174/src/reducers/auth.js
2025-09-08 10:39:30,824 - Knowledge - INFO - Found code_base: <app.utils.kg_build.knowledge.KnowledgeCodeBase object at 0x7f76ebfc32d0>
2025-09-08 10:39:30,908 - Knowledge - INFO - Found code-base-name: https://github.com/kavia-common/gbkfrontend-67174.git:kavia-master
2025-09-08 10:39:30,908 - Knowledge - INFO - adding /app/data/b2c/67174/b37789q/gbkfrontend-67174/src/components/InvoiceDetails/PaymentHistory.js to ingest queue
2025-09-08 10:39:31,190 - Knowledge - INFO - persist ingested knowledge for /app/data/b2c/67174/b37789q/gbkfrontend-67174/src/utils/utils.js
2025-09-08 10:39:31,263 - Knowledge - INFO - Found code_base: <app.utils.kg_build.knowledge.KnowledgeCodeBase object at 0x7f76ebfc32d0>
2025-09-08 10:39:31,350 - Knowledge - INFO - worker kw24 pull /app/data/b2c/67174/b37789q/gbkfrontend-67174/src/currencies.json from ingest queue
2025-09-08 10:39:31,352 - Knowledge - INFO - adding /app/data/b2c/67174/b37789q/gbkfrontend-67174/src/components/Password/Password.module.css to ingest queue
2025-09-08 10:39:31,535 - Knowledge - INFO - persist ingested knowledge for /app/data/b2c/67174/b37789q/gbkfrontend-67174/src/actions/invoiceActions.js
2025-09-08 10:39:31,674 - Knowledge - INFO - process ingested knowledge for /app/data/b2c/67174/b37789q/gbkfrontend-67174/src/currencies.json
2025-09-08 10:39:31,722 - Knowledge - INFO - adding /app/data/b2c/67174/b37789q/gbkfrontend-67174/src/components/Footer/Footer.js to ingest queue
2025-09-08 10:39:31,956 - Knowledge - INFO - adding /app/data/b2c/67174/b37789q/gbkfrontend-67174/src/components/Spinner/Spinner.module.css to ingest queue
2025-09-08 10:39:32,040 - Knowledge - INFO - adding /app/data/b2c/67174/b37789q/gbkfrontend-67174/src/components/Spinner/Spinner.js to ingest queue
2025-09-08 10:39:32,168 - Knowledge - INFO - Found code-base-name: https://github.com/kavia-common/gbkfrontend-67174.git:kavia-master
2025-09-08 10:39:32,169 - Knowledge - INFO - worker kw25 pull /app/data/b2c/67174/b37789q/gbkfrontend-67174/src/index.css from ingest queue
2025-09-08 10:39:32,169 - Knowledge - INFO - Found code-base-name: https://github.com/kavia-common/gbkfrontend-67174.git:kavia-master
2025-09-08 10:39:32,169 - Knowledge - INFO - Found code-base-name: https://github.com/kavia-common/gbkfrontend-67174.git:kavia-master
2025-09-08 10:39:32,226 - Knowledge - INFO - worker kw15 pull /app/data/b2c/67174/b37789q/gbkfrontend-67174/package.json from ingest queue
2025-09-08 10:39:32,252 - Knowledge - INFO - Found code_base: <app.utils.kg_build.knowledge.KnowledgeCodeBase object at 0x7f76ebfc32d0>
2025-09-08 10:39:32,395 - Knowledge - INFO - process ingested knowledge for /app/data/b2c/67174/b37789q/gbkfrontend-67174/src/index.css
2025-09-08 10:39:32,396 - Knowledge - INFO - Found code-base-name: https://github.com/kavia-common/gbkfrontend-67174.git:kavia-master
2025-09-08 10:39:32,396 - Knowledge - INFO - worker kw14 pull /app/data/b2c/67174/b37789q/gbkfrontend-67174/public/index.html from ingest queue
2025-09-08 10:39:32,445 - Knowledge - INFO - adding /app/data/b2c/67174/b37789q/gbkfrontend-67174/src/components/Icons.js to ingest queue
2025-09-08 10:39:32,466 - Knowledge - INFO - Found code_base: <app.utils.kg_build.knowledge.KnowledgeCodeBase object at 0x7f76ebfc32d0>
2025-09-08 10:39:32,551 - Knowledge - INFO - Found code_base: <app.utils.kg_build.knowledge.KnowledgeCodeBase object at 0x7f76ebfc32d0>
2025-09-08 10:39:32,680 - Knowledge - INFO - process ingested knowledge for /app/data/b2c/67174/b37789q/gbkfrontend-67174/package.json
2025-09-08 10:39:32,732 - Knowledge - INFO - persist ingested knowledge for /app/data/b2c/67174/b37789q/gbkfrontend-67174/src/reducers/index.js
2025-09-08 10:39:32,899 - Knowledge - INFO - Found code_base: <app.utils.kg_build.knowledge.KnowledgeCodeBase object at 0x7f76ebfc32d0>
2025-09-08 10:39:33,002 - Knowledge - INFO - process ingested knowledge for /app/data/b2c/67174/b37789q/gbkfrontend-67174/public/index.html
2025-09-08 10:39:33,078 - Knowledge - INFO - worker kw13 pull /app/data/b2c/67174/b37789q/gbkfrontend-67174/public/robots.txt from ingest queue
2025-09-08 10:39:33,153 - Knowledge - INFO - persist ingested knowledge for /app/data/b2c/67174/b37789q/gbkfrontend-67174/src/reducers/clients.js
2025-09-08 10:39:33,187 - Knowledge - INFO - Found code-base-name: https://github.com/kavia-common/gbkfrontend-67174.git:kavia-master
2025-09-08 10:39:33,188 - Knowledge - INFO - worker kw5 pull /app/data/b2c/67174/b37789q/gbkfrontend-67174/public/manifest.json from ingest queue
2025-09-08 10:39:33,188 - Knowledge - INFO - worker kw7 pull /app/data/b2c/67174/b37789q/gbkfrontend-67174/src/store.js from ingest queue
2025-09-08 10:39:33,188 - Knowledge - INFO - adding /app/data/b2c/67174/b37789q/gbkfrontend-67174/src/components/Footer/Footer.module.css to ingest queue
2025-09-08 10:39:33,244 - Knowledge - INFO - persist ingested knowledge for /app/data/b2c/67174/b37789q/gbkfrontend-67174/src/reducers/profiles.js
2025-09-08 10:39:33,521 - Knowledge - INFO - persist ingested knowledge for /app/data/b2c/67174/b37789q/gbkfrontend-67174/src/index.js
2025-09-08 10:39:33,712 - Knowledge - INFO - process ingested knowledge for /app/data/b2c/67174/b37789q/gbkfrontend-67174/public/robots.txt
2025-09-08 10:39:33,859 - Knowledge - INFO - Found code_base: <app.utils.kg_build.knowledge.KnowledgeCodeBase object at 0x7f76ebfc32d0>
2025-09-08 10:39:33,972 - Knowledge - INFO - process ingested knowledge for /app/data/b2c/67174/b37789q/gbkfrontend-67174/public/manifest.json
2025-09-08 10:39:34,031 - Knowledge - INFO - Thread kw7 - File store.js - Remaining files in queue: 55
2025-09-08 10:39:34,143 - Knowledge - INFO - adding /app/data/b2c/67174/b37789q/gbkfrontend-67174/src/initialState.js to ingest queue
2025-09-08 10:39:34,526 - Knowledge - INFO - persist ingested knowledge for /app/data/b2c/67174/b37789q/gbkfrontend-67174/src/currencies.json
2025-09-08 10:39:34,727 - Knowledge - INFO - start ingest for /app/data/b2c/67174/b37789q/gbkfrontend-67174/src/store.js
2025-09-08 10:39:34,821 - Knowledge - INFO - adding /app/data/b2c/67174/b37789q/gbkfrontend-67174/src/actions/auth.js to ingest queue
2025-09-08 10:39:35,134 - Knowledge - INFO - adding /app/data/b2c/67174/b37789q/gbkfrontend-67174/src/components/Password/styles.js to ingest queue
2025-09-08 10:39:35,313 - Knowledge - INFO - adding /app/data/b2c/67174/b37789q/gbkfrontend-67174/src/actions/clientActions.js to ingest queue
2025-09-08 10:39:35,388 - Knowledge - INFO - Found code-base-name: https://github.com/kavia-common/gbkfrontend-67174.git:kavia-master
2025-09-08 10:39:35,389 - Knowledge - INFO - worker kw11 pull /app/data/b2c/67174/b37789q/gbkfrontend-67174/src/App.js from ingest queue
2025-09-08 10:39:35,569 - Knowledge - INFO - Thread kw11 - File App.js - Remaining files in queue: 58
2025-09-08 10:39:35,390 - Knowledge - INFO - adding /app/data/b2c/67174/b37789q/gbkfrontend-67174/src/actions/invoiceActions.js to ingest queue
2025-09-08 10:39:35,456 - Knowledge - INFO - Found code_base: <app.utils.kg_build.knowledge.KnowledgeCodeBase object at 0x7f76ebfc32d0>
2025-09-08 10:39:35,390 - Knowledge - INFO - worker kw2 pull /app/data/b2c/67174/b37789q/gbkfrontend-67174/src/api/index.js from ingest queue
2025-09-08 10:39:35,642 - Knowledge - INFO - start ingest for /app/data/b2c/67174/b37789q/gbkfrontend-67174/src/App.js
2025-09-08 10:39:35,734 - Knowledge - INFO - worker kw10 pull /app/data/b2c/67174/b37789q/gbkfrontend-67174/src/clients.json from ingest queue
2025-09-08 10:39:35,808 - Knowledge - INFO - Found code-base-name: https://github.com/kavia-common/gbkfrontend-67174.git:kavia-master
2025-09-08 10:39:35,809 - Knowledge - INFO - persist ingested knowledge for /app/data/b2c/67174/b37789q/gbkfrontend-67174/src/index.css
2025-09-08 10:39:35,876 - Knowledge - INFO - Found code-base-name: https://github.com/kavia-common/gbkfrontend-67174.git:kavia-master
2025-09-08 10:39:35,901 - Knowledge - INFO - Thread kw2 - File index.js - Remaining files in queue: 58
2025-09-08 10:39:35,941 - Knowledge - INFO - worker kw9 pull /app/data/b2c/67174/b37789q/gbkfrontend-67174/src/components/Invoices/Invoices.js from ingest queue
2025-09-08 10:39:35,941 - Knowledge - INFO - adding /app/data/b2c/67174/b37789q/gbkfrontend-67174/src/actions/constants.js to ingest queue
2025-09-08 10:39:36,069 - Knowledge - INFO - Thread kw10 - File clients.json - Remaining files in queue: 57
2025-09-08 10:39:36,191 - Knowledge - INFO - Found code_base: <app.utils.kg_build.knowledge.KnowledgeCodeBase object at 0x7f76ebfc32d0>
2025-09-08 10:39:36,485 - Knowledge - INFO - Found code_base: <app.utils.kg_build.knowledge.KnowledgeCodeBase object at 0x7f76ebfc32d0>
2025-09-08 10:39:37,114 - Knowledge - INFO - persist ingested knowledge for /app/data/b2c/67174/b37789q/gbkfrontend-67174/public/index.html
2025-09-08 10:39:36,686 - Knowledge - INFO - Thread kw9 - File Invoices.js - Remaining files in queue: 57
2025-09-08 10:39:36,914 - Knowledge - INFO - start ingest for /app/data/b2c/67174/b37789q/gbkfrontend-67174/src/clients.json
2025-09-08 10:39:36,973 - Knowledge - INFO - Found code-base-name: https://github.com/kavia-common/gbkfrontend-67174.git:kavia-master
2025-09-08 10:39:36,973 - Knowledge - INFO - Found code-base-name: https://github.com/kavia-common/gbkfrontend-67174.git:kavia-master
2025-09-08 10:39:36,974 - Knowledge - INFO - worker kw22 pull /app/data/b2c/67174/b37789q/gbkfrontend-67174/src/components/Dashboard/Donut.js from ingest queue
2025-09-08 10:39:36,975 - Knowledge - INFO - worker kw1 pull /app/data/b2c/67174/b37789q/gbkfrontend-67174/src/components/Dashboard/Dashboard.module.css from ingest queue
2025-09-08 10:39:36,975 - Knowledge - INFO - worker kw20 pull /app/data/b2c/67174/b37789q/gbkfrontend-67174/src/components/Dashboard/ReactChart.js from ingest queue
2025-09-08 10:39:36,975 - Knowledge - INFO - worker kw16 pull /app/data/b2c/67174/b37789q/gbkfrontend-67174/src/components/Dashboard/Chart.js from ingest queue
2025-09-08 10:39:36,976 - Knowledge - INFO - Found code-base-name: https://github.com/kavia-common/gbkfrontend-67174.git:kavia-master
2025-09-08 10:39:36,980 - Knowledge - INFO - adding /app/data/b2c/67174/b37789q/gbkfrontend-67174/src/actions/profile.js to ingest queue
2025-09-08 10:39:36,998 - Knowledge - INFO - persist ingested knowledge for /app/data/b2c/67174/b37789q/gbkfrontend-67174/package.json
2025-09-08 10:39:36,582 - Knowledge - INFO - start ingest for /app/data/b2c/67174/b37789q/gbkfrontend-67174/src/api/index.js
2025-09-08 10:39:37,342 - Knowledge - INFO - start ingest for /app/data/b2c/67174/b37789q/gbkfrontend-67174/src/components/Invoices/Invoices.js
2025-09-08 10:39:37,424 - Knowledge - INFO - Fast-track processing for simple file: /app/data/b2c/67174/b37789q/gbkfrontend-67174/src/clients.json
2025-09-08 10:39:38,478 - Knowledge - INFO - done fast ingest for /app/data/b2c/67174/b37789q/gbkfrontend-67174/src/clients.json
2025-09-08 10:39:37,582 - Knowledge - INFO - Found code_base: <app.utils.kg_build.knowledge.KnowledgeCodeBase object at 0x7f76ebfc32d0>
2025-09-08 10:39:37,666 - Knowledge - INFO - Thread kw22 - File Donut.js - Remaining files in queue: 54
2025-09-08 10:39:37,756 - Knowledge - INFO - Thread kw1 - File Dashboard.module.css - Remaining files in queue: 54
2025-09-08 10:39:37,855 - Knowledge - INFO - Thread kw20 - File ReactChart.js - Remaining files in queue: 54
2025-09-08 10:39:37,896 - Knowledge - INFO - done ingest for /app/data/b2c/67174/b37789q/gbkfrontend-67174/src/store.js
2025-09-08 10:39:37,958 - Knowledge - INFO - Thread kw16 - File Chart.js - Remaining files in queue: 54
2025-09-08 10:39:38,037 - Knowledge - INFO - Found code_base: <app.utils.kg_build.knowledge.KnowledgeCodeBase object at 0x7f76ebfc32d0>
2025-09-08 10:39:38,124 - Knowledge - INFO - adding /app/data/b2c/67174/b37789q/gbkfrontend-67174/src/reducers/index.js to ingest queue
2025-09-08 10:39:37,481 - Knowledge - INFO - Found code_base: <app.utils.kg_build.knowledge.KnowledgeCodeBase object at 0x7f76ebfc32d0>
2025-09-08 10:39:38,567 - Knowledge - INFO - process ingested knowledge for /app/data/b2c/67174/b37789q/gbkfrontend-67174/src/clients.json
2025-09-08 10:39:38,630 - Knowledge - INFO - persist ingested knowledge for /app/data/b2c/67174/b37789q/gbkfrontend-67174/public/manifest.json
2025-09-08 10:39:38,700 - Knowledge - INFO - start ingest for /app/data/b2c/67174/b37789q/gbkfrontend-67174/src/components/Dashboard/Donut.js
2025-09-08 10:39:38,771 - Knowledge - INFO - start ingest for /app/data/b2c/67174/b37789q/gbkfrontend-67174/src/components/Dashboard/Dashboard.module.css
2025-09-08 10:39:38,881 - Knowledge - INFO - start ingest for /app/data/b2c/67174/b37789q/gbkfrontend-67174/src/components/Dashboard/ReactChart.js
2025-09-08 10:39:38,974 - Knowledge - INFO - process ingested knowledge for /app/data/b2c/67174/b37789q/gbkfrontend-67174/src/store.js
2025-09-08 10:39:39,066 - Knowledge - INFO - start ingest for /app/data/b2c/67174/b37789q/gbkfrontend-67174/src/components/Dashboard/Chart.js
2025-09-08 10:39:39,168 - Knowledge - INFO - persist ingested knowledge for /app/data/b2c/67174/b37789q/gbkfrontend-67174/src/reducers/invoices.js
2025-09-08 10:39:39,247 - Knowledge - INFO - adding /app/data/b2c/67174/b37789q/gbkfrontend-67174/src/reducers/clients.js to ingest queue
2025-09-08 10:39:39,348 - Knowledge - INFO - persist ingested knowledge for /app/data/b2c/67174/b37789q/gbkfrontend-67174/public/robots.txt
2025-09-08 10:39:40,253 - Knowledge - INFO - worker kw19 pull /app/data/b2c/67174/b37789q/gbkfrontend-67174/src/components/Dashboard/Dashboard.js from ingest queue
2025-09-08 10:39:40,253 - Knowledge - INFO - adding /app/data/b2c/67174/b37789q/gbkfrontend-67174/src/reducers/profiles.js to ingest queue
2025-09-08 10:39:40,358 - Knowledge - INFO - Thread kw19 - File Dashboard.js - Remaining files in queue: 56
2025-09-08 10:39:40,521 - Knowledge - INFO - adding /app/data/b2c/67174/b37789q/gbkfrontend-67174/src/reducers/auth.js to ingest queue
2025-09-08 10:39:40,545 - Knowledge - INFO - start ingest for /app/data/b2c/67174/b37789q/gbkfrontend-67174/src/components/Dashboard/Dashboard.js
2025-09-08 10:39:40,656 - Knowledge - INFO - worker kw23 pull /app/data/b2c/67174/b37789q/gbkfrontend-67174/src/components/Dashboard/Icons.js from ingest queue
2025-09-08 10:39:40,657 - Knowledge - INFO - adding /app/data/b2c/67174/b37789q/gbkfrontend-67174/src/utils/utils.js to ingest queue
2025-09-08 10:39:40,806 - Knowledge - INFO - Thread kw23 - File Icons.js - Remaining files in queue: 57
2025-09-08 10:39:40,881 - Knowledge - INFO - worker kw4 pull /app/data/b2c/67174/b37789q/gbkfrontend-67174/src/components/svgIcons/NoData.js from ingest queue
2025-09-08 10:39:40,975 - Knowledge - INFO - start ingest for /app/data/b2c/67174/b37789q/gbkfrontend-67174/src/components/Dashboard/Icons.js
2025-09-08 10:39:40,993 - Knowledge - INFO - done ingest for /app/data/b2c/67174/b37789q/gbkfrontend-67174/src/App.js
2025-09-08 10:39:41,043 - Knowledge - INFO - Found code-base-name: https://github.com/kavia-common/gbkfrontend-67174.git:kavia-master
2025-09-08 10:39:41,048 - Knowledge - INFO - Thread kw4 - File NoData.js - Remaining files in queue: 57
2025-09-08 10:39:41,105 - Knowledge - INFO - Found code-base-name: https://github.com/kavia-common/gbkfrontend-67174.git:kavia-master
2025-09-08 10:39:41,165 - Knowledge - INFO - worker kw6 pull /app/data/b2c/67174/b37789q/gbkfrontend-67174/src/components/Clients/Clients.module.css from ingest queue
2025-09-08 10:39:41,165 - Knowledge - INFO - adding /app/data/b2c/67174/b37789q/gbkfrontend-67174/src/index.js to ingest queue
2025-09-08 10:39:41,261 - Knowledge - INFO - process ingested knowledge for /app/data/b2c/67174/b37789q/gbkfrontend-67174/src/App.js
2025-09-08 10:39:41,327 - Knowledge - INFO - Found code_base: <app.utils.kg_build.knowledge.KnowledgeCodeBase object at 0x7f76ebfc32d0>
2025-09-08 10:39:41,420 - Knowledge - INFO - start ingest for /app/data/b2c/67174/b37789q/gbkfrontend-67174/src/components/svgIcons/NoData.js
2025-09-08 10:39:41,532 - Knowledge - INFO - Found code_base: <app.utils.kg_build.knowledge.KnowledgeCodeBase object at 0x7f76ebfc32d0>
2025-09-08 10:39:41,646 - Knowledge - INFO - Thread kw6 - File Clients.module.css - Remaining files in queue: 56
2025-09-08 10:39:42,026 - Knowledge - INFO - worker kw21 pull /app/data/b2c/67174/b37789q/gbkfrontend-67174/src/components/Clients/Clients.js from ingest queue
2025-09-08 10:39:42,031 - Knowledge - INFO - adding /app/data/b2c/67174/b37789q/gbkfrontend-67174/src/currencies.json to ingest queue
2025-09-08 10:39:42,061 - Knowledge - INFO - persist ingested knowledge for /app/data/b2c/67174/b37789q/gbkfrontend-67174/src/clients.json
2025-09-08 10:39:42,273 - Knowledge - INFO - persist ingested knowledge for /app/data/b2c/67174/b37789q/gbkfrontend-67174/src/store.js
2025-09-08 10:39:42,393 - Knowledge - INFO - start ingest for /app/data/b2c/67174/b37789q/gbkfrontend-67174/src/components/Clients/Clients.module.css
2025-09-08 10:39:42,493 - Knowledge - INFO - Thread kw21 - File Clients.js - Remaining files in queue: 56
2025-09-08 10:39:42,596 - Knowledge - INFO - worker kw12 pull /app/data/b2c/67174/b37789q/gbkfrontend-67174/src/components/Clients/ClientList.js from ingest queue
2025-09-08 10:39:42,596 - Knowledge - INFO - worker kw18 pull /app/data/b2c/67174/b37789q/gbkfrontend-67174/src/components/svgIcons/Empty.js from ingest queue
2025-09-08 10:39:42,596 - Knowledge - INFO - adding /app/data/b2c/67174/b37789q/gbkfrontend-67174/package.json to ingest queue
2025-09-08 10:39:42,850 - Knowledge - INFO - Fast-track processing for simple file: /app/data/b2c/67174/b37789q/gbkfrontend-67174/src/components/Clients/Clients.module.css
2025-09-08 10:39:42,919 - Knowledge - INFO - start ingest for /app/data/b2c/67174/b37789q/gbkfrontend-67174/src/components/Clients/Clients.js
2025-09-08 10:39:43,001 - Knowledge - INFO - Thread kw12 - File ClientList.js - Remaining files in queue: 55
2025-09-08 10:39:43,109 - Knowledge - INFO - Thread kw18 - File Empty.js - Remaining files in queue: 55
2025-09-08 10:39:43,206 - Knowledge - INFO - adding /app/data/b2c/67174/b37789q/gbkfrontend-67174/src/index.css to ingest queue
2025-09-08 10:39:43,292 - Knowledge - INFO - done fast ingest for /app/data/b2c/67174/b37789q/gbkfrontend-67174/src/components/Clients/Clients.module.css
2025-09-08 10:39:43,895 - Knowledge - INFO - process ingested knowledge for /app/data/b2c/67174/b37789q/gbkfrontend-67174/src/components/Clients/Clients.module.css
2025-09-08 10:39:43,639 - Knowledge - INFO - start ingest for /app/data/b2c/67174/b37789q/gbkfrontend-67174/src/components/svgIcons/Empty.js
2025-09-08 10:39:43,766 - Knowledge - INFO - adding /app/data/b2c/67174/b37789q/gbkfrontend-67174/src/reducers/invoices.js to ingest queue
2025-09-08 10:39:43,521 - Knowledge - INFO - start ingest for /app/data/b2c/67174/b37789q/gbkfrontend-67174/src/components/Clients/ClientList.js
2025-09-08 10:39:44,104 - Knowledge - INFO - done ingest for /app/data/b2c/67174/b37789q/gbkfrontend-67174/src/api/index.js
2025-09-08 10:39:44,167 - Knowledge - INFO - done ingest for /app/data/b2c/67174/b37789q/gbkfrontend-67174/src/components/Invoices/Invoices.js
2025-09-08 10:39:44,211 - Knowledge - INFO - worker kw17 pull /app/data/b2c/67174/b37789q/gbkfrontend-67174/src/components/Clients/AddClient.js from ingest queue
2025-09-08 10:39:44,278 - Knowledge - INFO - adding /app/data/b2c/67174/b37789q/gbkfrontend-67174/public/robots.txt to ingest queue
2025-09-08 10:39:44,392 - Knowledge - INFO - process ingested knowledge for /app/data/b2c/67174/b37789q/gbkfrontend-67174/src/api/index.js
2025-09-08 10:39:44,481 - Knowledge - INFO - process ingested knowledge for /app/data/b2c/67174/b37789q/gbkfrontend-67174/src/components/Invoices/Invoices.js
2025-09-08 10:39:44,547 - Knowledge - INFO - Thread kw17 - File AddClient.js - Remaining files in queue: 57
2025-09-08 10:39:44,938 - Knowledge - INFO - start ingest for /app/data/b2c/67174/b37789q/gbkfrontend-67174/src/components/Clients/AddClient.js
2025-09-08 10:39:44,626 - Knowledge - INFO - adding /app/data/b2c/67174/b37789q/gbkfrontend-67174/public/manifest.json to ingest queue
2025-09-08 10:39:44,623 - Knowledge - INFO - worker kw24 pull /app/data/b2c/67174/b37789q/gbkfrontend-67174/src/components/Settings/Form/Profile.js from ingest queue
2025-09-08 10:39:45,201 - Knowledge - INFO - Thread kw24 - File Profile.js - Remaining files in queue: 58
2025-09-08 10:39:45,294 - Knowledge - INFO - start ingest for /app/data/b2c/67174/b37789q/gbkfrontend-67174/src/components/Settings/Form/Profile.js
2025-09-08 10:39:45,748 - Knowledge - INFO - persist search terms embedding for src/store.js
2025-09-08 10:39:45,827 - Knowledge - INFO - worker kw15 pull /app/data/b2c/67174/b37789q/gbkfrontend-67174/src/components/NavBar/NavBar.js from ingest queue
2025-09-08 10:39:45,827 - Knowledge - INFO - worker kw25 pull /app/data/b2c/67174/b37789q/gbkfrontend-67174/src/components/Settings/Form/icon.js from ingest queue
2025-09-08 10:39:45,828 - Knowledge - INFO - worker kw8 pull /app/data/b2c/67174/b37789q/gbkfrontend-67174/src/components/Settings/Form/Uploader.js from ingest queue
2025-09-08 10:39:45,829 - Knowledge - INFO - adding /app/data/b2c/67174/b37789q/gbkfrontend-67174/public/index.html to ingest queue
2025-09-08 10:39:45,921 - Knowledge - INFO - Thread kw15 - File NavBar.js - Remaining files in queue: 55
2025-09-08 10:39:46,010 - Knowledge - INFO - Thread kw25 - File icon.js - Remaining files in queue: 55
2025-09-08 10:39:46,096 - Knowledge - INFO - Thread kw8 - File Uploader.js - Remaining files in queue: 55
2025-09-08 10:39:46,198 - Knowledge - INFO - worker kw13 pull /app/data/b2c/67174/b37789q/gbkfrontend-67174/src/components/Settings/Form/styles.js from ingest queue
2025-09-08 10:39:46,200 - Knowledge - INFO - Found code-base-name: https://github.com/kavia-common/gbkfrontend-67174.git:kavia-master
2025-09-08 10:39:46,211 - Knowledge - INFO - worker kw5 pull /app/data/b2c/67174/b37789q/gbkfrontend-67174/src/components/Settings/Settings.js from ingest queue
2025-09-08 10:39:46,218 - Knowledge - INFO - worker kw10 pull /app/data/b2c/67174/b37789q/gbkfrontend-67174/src/components/Payments/AddPayment.js from ingest queue
2025-09-08 10:39:46,225 - Knowledge - INFO - Found code-base-name: https://github.com/kavia-common/gbkfrontend-67174.git:kavia-master
2025-09-08 10:39:46,226 - Knowledge - INFO - worker kw3 pull /app/data/b2c/67174/b37789q/gbkfrontend-67174/src/components/Settings/Form/Input.js from ingest queue
2025-09-08 10:39:46,233 - Knowledge - INFO - worker kw14 pull /app/data/b2c/67174/b37789q/gbkfrontend-67174/src/components/Settings/Form/Uploader.module.css from ingest queue
2025-09-08 10:39:46,251 - Knowledge - INFO - Found code-base-name: https://github.com/kavia-common/gbkfrontend-67174.git:kavia-master
2025-09-08 10:39:46,265 - Knowledge - INFO - Found code-base-name: https://github.com/kavia-common/gbkfrontend-67174.git:kavia-master
2025-09-08 10:39:46,266 - Knowledge - INFO - worker kw7 pull /app/data/b2c/67174/b37789q/gbkfrontend-67174/src/components/Settings/Form/Form.js from ingest queue
2025-09-08 10:39:46,303 - Knowledge - INFO - start ingest for /app/data/b2c/67174/b37789q/gbkfrontend-67174/src/components/NavBar/NavBar.js
2025-09-08 10:39:46,404 - Knowledge - INFO - start ingest for /app/data/b2c/67174/b37789q/gbkfrontend-67174/src/components/Settings/Form/icon.js
2025-09-08 10:39:46,516 - Knowledge - INFO - done ingest for /app/data/b2c/67174/b37789q/gbkfrontend-67174/src/components/Dashboard/Donut.js
2025-09-08 10:39:46,568 - Knowledge - INFO - start ingest for /app/data/b2c/67174/b37789q/gbkfrontend-67174/src/components/Settings/Form/Uploader.js
2025-09-08 10:39:46,684 - Knowledge - INFO - Thread kw13 - File styles.js - Remaining files in queue: 50
2025-09-08 10:39:46,759 - Knowledge - INFO - Found code_base: <app.utils.kg_build.knowledge.KnowledgeCodeBase object at 0x7f76ebfc32d0>
2025-09-08 10:39:46,851 - Knowledge - INFO - Thread kw5 - File Settings.js - Remaining files in queue: 50
2025-09-08 10:39:46,932 - Knowledge - INFO - Thread kw10 - File AddPayment.js - Remaining files in queue: 50
2025-09-08 10:39:47,053 - Knowledge - INFO - Found code_base: <app.utils.kg_build.knowledge.KnowledgeCodeBase object at 0x7f76ebfc32d0>
2025-09-08 10:39:47,163 - Knowledge - INFO - Thread kw3 - File Input.js - Remaining files in queue: 50
2025-09-08 10:39:47,278 - Knowledge - INFO - Thread kw14 - File Uploader.module.css - Remaining files in queue: 50
2025-09-08 10:39:47,305 - Knowledge - INFO - done ingest for /app/data/b2c/67174/b37789q/gbkfrontend-67174/src/components/Dashboard/Dashboard.module.css
2025-09-08 10:39:47,372 - Knowledge - INFO - Found code_base: <app.utils.kg_build.knowledge.KnowledgeCodeBase object at 0x7f76ebfc32d0>
2025-09-08 10:39:47,467 - Knowledge - INFO - Found code_base: <app.utils.kg_build.knowledge.KnowledgeCodeBase object at 0x7f76ebfc32d0>
2025-09-08 10:39:47,557 - Knowledge - INFO - Thread kw7 - File Form.js - Remaining files in queue: 50
2025-09-08 10:39:47,874 - Knowledge - INFO - process ingested knowledge for /app/data/b2c/67174/b37789q/gbkfrontend-67174/src/components/Dashboard/Donut.js
2025-09-08 10:39:48,055 - Knowledge - INFO - start ingest for /app/data/b2c/67174/b37789q/gbkfrontend-67174/src/components/Settings/Form/styles.js
2025-09-08 10:39:48,148 - Knowledge - INFO - persist ingested knowledge for /app/data/b2c/67174/b37789q/gbkfrontend-67174/src/components/Invoices/Invoices.js
2025-09-08 10:39:48,259 - Knowledge - INFO - start ingest for /app/data/b2c/67174/b37789q/gbkfrontend-67174/src/components/Settings/Settings.js
2025-09-08 10:39:48,345 - Knowledge - INFO - start ingest for /app/data/b2c/67174/b37789q/gbkfrontend-67174/src/components/Payments/AddPayment.js
2025-09-08 10:39:48,461 - Knowledge - INFO - persist ingested knowledge for /app/data/b2c/67174/b37789q/gbkfrontend-67174/src/App.js
2025-09-08 10:39:48,629 - Knowledge - INFO - start ingest for /app/data/b2c/67174/b37789q/gbkfrontend-67174/src/components/Settings/Form/Input.js
2025-09-08 10:39:48,758 - Knowledge - INFO - start ingest for /app/data/b2c/67174/b37789q/gbkfrontend-67174/src/components/Settings/Form/Uploader.module.css
2025-09-08 10:39:48,868 - Knowledge - INFO - process ingested knowledge for /app/data/b2c/67174/b37789q/gbkfrontend-67174/src/components/Dashboard/Dashboard.module.css
2025-09-08 10:39:49,008 - Knowledge - INFO - persist ingested knowledge for /app/data/b2c/67174/b37789q/gbkfrontend-67174/src/components/Clients/Clients.module.css
2025-09-08 10:39:49,113 - Knowledge - INFO - persist ingested knowledge for /app/data/b2c/67174/b37789q/gbkfrontend-67174/src/api/index.js
2025-09-08 10:39:49,254 - Knowledge - INFO - start ingest for /app/data/b2c/67174/b37789q/gbkfrontend-67174/src/components/Settings/Form/Form.js
2025-09-08 10:39:49,333 - Knowledge - INFO - Found code-base-name: https://github.com/kavia-common/gbkfrontend-67174.git:kavia-master
2025-09-08 10:39:49,672 - Knowledge - INFO - done ingest for /app/data/b2c/67174/b37789q/gbkfrontend-67174/src/components/Dashboard/Chart.js
2025-09-08 10:39:49,774 - Knowledge - INFO - done ingest for /app/data/b2c/67174/b37789q/gbkfrontend-67174/src/components/Dashboard/ReactChart.js
2025-09-08 10:39:49,842 - Knowledge - INFO - Fast-track processing for simple file: /app/data/b2c/67174/b37789q/gbkfrontend-67174/src/components/Payments/AddPayment.js
2025-09-08 10:39:50,119 - Knowledge - INFO - Fast-track processing for simple file: /app/data/b2c/67174/b37789q/gbkfrontend-67174/src/components/Settings/Form/Uploader.module.css
2025-09-08 10:39:50,136 - Knowledge - INFO - persist search terms embedding for src/components/Invoices/Invoices.js
2025-09-08 10:39:50,633 - Knowledge - INFO - Found code_base: <app.utils.kg_build.knowledge.KnowledgeCodeBase object at 0x7f76ebfc32d0>
2025-09-08 10:39:50,811 - Knowledge - INFO - process ingested knowledge for /app/data/b2c/67174/b37789q/gbkfrontend-67174/src/components/Dashboard/Chart.js
2025-09-08 10:39:50,912 - Knowledge - INFO - process ingested knowledge for /app/data/b2c/67174/b37789q/gbkfrontend-67174/src/components/Dashboard/ReactChart.js
2025-09-08 10:39:50,973 - Knowledge - INFO - done fast ingest for /app/data/b2c/67174/b37789q/gbkfrontend-67174/src/components/Payments/AddPayment.js
2025-09-08 10:39:51,065 - Knowledge - INFO - done fast ingest for /app/data/b2c/67174/b37789q/gbkfrontend-67174/src/components/Settings/Form/Uploader.module.css
2025-09-08 10:39:51,243 - Knowledge - INFO - persist ingested knowledge for /app/data/b2c/67174/b37789q/gbkfrontend-67174/src/components/Dashboard/Donut.js
2025-09-08 10:39:51,471 - Knowledge - INFO - persist search terms embedding for src/App.js
2025-09-08 10:39:51,557 - Knowledge - INFO - process ingested knowledge for /app/data/b2c/67174/b37789q/gbkfrontend-67174/src/components/Payments/AddPayment.js
2025-09-08 10:39:51,650 - Knowledge - INFO - process ingested knowledge for /app/data/b2c/67174/b37789q/gbkfrontend-67174/src/components/Settings/Form/Uploader.module.css
2025-09-08 10:39:51,781 - Knowledge - INFO - done ingest for /app/data/b2c/67174/b37789q/gbkfrontend-67174/src/components/Dashboard/Dashboard.js
2025-09-08 10:39:51,823 - Knowledge - INFO - Found code-base-name: https://github.com/kavia-common/gbkfrontend-67174.git:kavia-master
2025-09-08 10:39:52,187 - Knowledge - INFO - Found code_base: <app.utils.kg_build.knowledge.KnowledgeCodeBase object at 0x7f76ebfc32d0>
2025-09-08 10:39:52,112 - Knowledge - INFO - process ingested knowledge for /app/data/b2c/67174/b37789q/gbkfrontend-67174/src/components/Dashboard/Dashboard.js
2025-09-08 10:39:52,279 - Knowledge - INFO - persist ingested knowledge for /app/data/b2c/67174/b37789q/gbkfrontend-67174/src/components/Dashboard/Dashboard.module.css
2025-09-08 10:39:52,436 - Knowledge - INFO - persist search terms embedding for src/api/index.js
2025-09-08 10:39:52,645 - Knowledge - INFO - worker kw9 pull /app/data/b2c/67174/b37789q/gbkfrontend-67174/src/components/Settings/Settings.module.css from ingest queue
2025-09-08 10:39:52,649 - Knowledge - INFO - Found code-base-name: https://github.com/kavia-common/gbkfrontend-67174.git:kavia-master
2025-09-08 10:39:52,757 - Knowledge - INFO - Thread kw9 - File Settings.module.css - Remaining files in queue: 49
2025-09-08 10:39:52,855 - Knowledge - INFO - Found code_base: <app.utils.kg_build.knowledge.KnowledgeCodeBase object at 0x7f76ebfc32d0>
2025-09-08 10:39:52,965 - Knowledge - INFO - start ingest for /app/data/b2c/67174/b37789q/gbkfrontend-67174/src/components/Settings/Settings.module.css
2025-09-08 10:39:53,066 - Knowledge - INFO - persist ingested knowledge for /app/data/b2c/67174/b37789q/gbkfrontend-67174/src/components/Dashboard/Chart.js
2025-09-08 10:39:53,256 - Knowledge - INFO - persist search terms embedding for src/components/Dashboard/Donut.js
2025-09-08 10:39:53,275 - Knowledge - INFO - done ingest for /app/data/b2c/67174/b37789q/gbkfrontend-67174/src/components/Dashboard/Icons.js
2025-09-08 10:39:53,383 - Knowledge - INFO - worker kw11 pull /app/data/b2c/67174/b37789q/gbkfrontend-67174/src/components/Payments/Modal.js from ingest queue
2025-09-08 10:39:53,383 - Knowledge - INFO - Found code-base-name: https://github.com/kavia-common/gbkfrontend-67174.git:kavia-master
2025-09-08 10:39:53,384 - Knowledge - INFO - Found code-base-name: https://github.com/kavia-common/gbkfrontend-67174.git:kavia-master
2025-09-08 10:39:53,385 - Knowledge - INFO - Found code-base-name: https://github.com/kavia-common/gbkfrontend-67174.git:kavia-master
2025-09-08 10:39:53,486 - Knowledge - INFO - worker kw2 pull /app/data/b2c/67174/b37789q/gbkfrontend-67174/src/components/Fab/Fab.js from ingest queue
2025-09-08 10:39:53,486 - Knowledge - INFO - Found code-base-name: https://github.com/kavia-common/gbkfrontend-67174.git:kavia-master
2025-09-08 10:39:53,486 - Knowledge - INFO - worker kw22 pull /app/data/b2c/67174/b37789q/gbkfrontend-67174/src/components/Payments/DatePicker.js from ingest queue
2025-09-08 10:39:53,486 - Knowledge - INFO - worker kw6 pull /app/data/b2c/67174/b37789q/gbkfrontend-67174/src/components/Header/Header.js from ingest queue
2025-09-08 10:39:53,487 - Knowledge - INFO - worker kw1 pull /app/data/b2c/67174/b37789q/gbkfrontend-67174/src/components/Login/Google.js from ingest queue
2025-09-08 10:39:53,500 - Knowledge - INFO - process ingested knowledge for /app/data/b2c/67174/b37789q/gbkfrontend-67174/src/components/Dashboard/Icons.js
2025-09-08 10:39:53,591 - Knowledge - INFO - Thread kw11 - File Modal.js - Remaining files in queue: 44
2025-09-08 10:39:53,703 - Knowledge - INFO - Found code_base: <app.utils.kg_build.knowledge.KnowledgeCodeBase object at 0x7f76ebfc32d0>
2025-09-08 10:39:53,842 - Knowledge - INFO - Found code_base: <app.utils.kg_build.knowledge.KnowledgeCodeBase object at 0x7f76ebfc32d0>
2025-09-08 10:39:53,941 - Knowledge - INFO - persist search terms embedding for src/components/Dashboard/Chart.js
2025-09-08 10:39:53,969 - Knowledge - INFO - Found code_base: <app.utils.kg_build.knowledge.KnowledgeCodeBase object at 0x7f76ebfc32d0>
2025-09-08 10:39:54,091 - Knowledge - INFO - Thread kw2 - File Fab.js - Remaining files in queue: 44
2025-09-08 10:39:54,101 - Knowledge - INFO - done ingest for /app/data/b2c/67174/b37789q/gbkfrontend-67174/src/components/svgIcons/NoData.js
2025-09-08 10:39:54,172 - Knowledge - INFO - Found code_base: <app.utils.kg_build.knowledge.KnowledgeCodeBase object at 0x7f76ebfc32d0>
2025-09-08 10:39:54,285 - Knowledge - INFO - Thread kw22 - File DatePicker.js - Remaining files in queue: 44
2025-09-08 10:39:54,361 - Knowledge - INFO - Thread kw6 - File Header.js - Remaining files in queue: 44
2025-09-08 10:39:54,457 - Knowledge - INFO - Thread kw1 - File Google.js - Remaining files in queue: 44
2025-09-08 10:39:54,634 - Knowledge - INFO - start ingest for /app/data/b2c/67174/b37789q/gbkfrontend-67174/src/components/Payments/Modal.js
2025-09-08 10:39:54,702 - Knowledge - INFO - persist ingested knowledge for /app/data/b2c/67174/b37789q/gbkfrontend-67174/src/components/Payments/AddPayment.js
2025-09-08 10:39:54,784 - Knowledge - INFO - persist ingested knowledge for /app/data/b2c/67174/b37789q/gbkfrontend-67174/src/components/Settings/Form/Uploader.module.css
2025-09-08 10:39:54,855 - Knowledge - INFO - Found code-base-name: https://github.com/kavia-common/gbkfrontend-67174.git:kavia-master
2025-09-08 10:39:54,856 - Knowledge - INFO - worker kw16 pull /app/data/b2c/67174/b37789q/gbkfrontend-67174/src/components/Login/Login.module.css from ingest queue
2025-09-08 10:39:54,952 - Knowledge - INFO - persist ingested knowledge for /app/data/b2c/67174/b37789q/gbkfrontend-67174/src/components/Dashboard/Dashboard.js
2025-09-08 10:39:55,024 - Knowledge - INFO - start ingest for /app/data/b2c/67174/b37789q/gbkfrontend-67174/src/components/Fab/Fab.js
2025-09-08 10:39:55,131 - Knowledge - INFO - process ingested knowledge for /app/data/b2c/67174/b37789q/gbkfrontend-67174/src/components/svgIcons/NoData.js
2025-09-08 10:39:55,198 - Knowledge - INFO - persist ingested knowledge for /app/data/b2c/67174/b37789q/gbkfrontend-67174/src/components/Dashboard/ReactChart.js
2025-09-08 10:39:55,280 - Knowledge - INFO - start ingest for /app/data/b2c/67174/b37789q/gbkfrontend-67174/src/components/Payments/DatePicker.js
2025-09-08 10:39:55,347 - Knowledge - INFO - start ingest for /app/data/b2c/67174/b37789q/gbkfrontend-67174/src/components/Header/Header.js
2025-09-08 10:39:55,436 - Knowledge - INFO - start ingest for /app/data/b2c/67174/b37789q/gbkfrontend-67174/src/components/Login/Google.js
2025-09-08 10:39:55,731 - Knowledge - INFO - worker kw10 pull /app/data/b2c/67174/b37789q/gbkfrontend-67174/src/components/Header/Header.module.css from ingest queue
2025-09-08 10:39:55,837 - Knowledge - INFO - Found code_base: <app.utils.kg_build.knowledge.KnowledgeCodeBase object at 0x7f76ebfc32d0>
2025-09-08 10:39:55,951 - Knowledge - INFO - Thread kw16 - File Login.module.css - Remaining files in queue: 42
2025-09-08 10:39:56,055 - Knowledge - INFO - worker kw14 pull /app/data/b2c/67174/b37789q/gbkfrontend-67174/src/components/Login/Login.js from ingest queue
2025-09-08 10:39:56,680 - Knowledge - INFO - persist search terms embedding for src/components/Dashboard/Dashboard.js
2025-09-08 10:39:56,765 - Knowledge - INFO - Thread kw10 - File Header.module.css - Remaining files in queue: 41
2025-09-08 10:39:56,872 - Knowledge - INFO - done ingest for /app/data/b2c/67174/b37789q/gbkfrontend-67174/src/components/Clients/Clients.js
2025-09-08 10:39:56,886 - Knowledge - INFO - persist ingested knowledge for /app/data/b2c/67174/b37789q/gbkfrontend-67174/src/components/Dashboard/Icons.js
2025-09-08 10:39:56,995 - Knowledge - INFO - start ingest for /app/data/b2c/67174/b37789q/gbkfrontend-67174/src/components/Login/Login.module.css
2025-09-08 10:39:57,081 - Knowledge - INFO - Thread kw14 - File Login.js - Remaining files in queue: 41
2025-09-08 10:39:57,226 - Knowledge - INFO - Found code-base-name: https://github.com/kavia-common/gbkfrontend-67174.git:kavia-master
2025-09-08 10:39:57,947 - Knowledge - INFO - Found code_base: <app.utils.kg_build.knowledge.KnowledgeCodeBase object at 0x7f76ebfc32d0>
2025-09-08 10:39:58,067 - Knowledge - INFO - persist ingested knowledge for /app/data/b2c/67174/b37789q/gbkfrontend-67174/src/components/svgIcons/NoData.js
2025-09-08 10:39:57,800 - Knowledge - INFO - start ingest for /app/data/b2c/67174/b37789q/gbkfrontend-67174/src/components/Login/Login.js
2025-09-08 10:39:57,903 - Knowledge - INFO - persist search terms embedding for src/components/Dashboard/ReactChart.js
2025-09-08 10:39:57,311 - Knowledge - INFO - start ingest for /app/data/b2c/67174/b37789q/gbkfrontend-67174/src/components/Header/Header.module.css
2025-09-08 10:39:57,505 - Knowledge - INFO - process ingested knowledge for /app/data/b2c/67174/b37789q/gbkfrontend-67174/src/components/Clients/Clients.js
2025-09-08 10:39:58,346 - Knowledge - INFO - done ingest for /app/data/b2c/67174/b37789q/gbkfrontend-67174/src/components/Clients/ClientList.js
2025-09-08 10:39:58,461 - Knowledge - INFO - worker kw19 pull /app/data/b2c/67174/b37789q/gbkfrontend-67174/src/components/Login/Field.js from ingest queue
2025-09-08 10:39:58,837 - Knowledge - INFO - process ingested knowledge for /app/data/b2c/67174/b37789q/gbkfrontend-67174/src/components/Clients/ClientList.js
2025-09-08 10:39:58,917 - Knowledge - INFO - Thread kw19 - File Field.js - Remaining files in queue: 40
2025-09-08 10:39:58,974 - Knowledge - INFO - persist search terms embedding for src/components/Dashboard/Icons.js
2025-09-08 10:39:59,105 - Knowledge - INFO - start ingest for /app/data/b2c/67174/b37789q/gbkfrontend-67174/src/components/Login/Field.js
2025-09-08 10:39:59,202 - Knowledge - INFO - worker kw20 pull /app/data/b2c/67174/b37789q/gbkfrontend-67174/src/components/Login/styles.js from ingest queue
2025-09-08 10:39:59,434 - Knowledge - INFO - Thread kw20 - File styles.js - Remaining files in queue: 39
2025-09-08 10:39:59,537 - Knowledge - INFO - start ingest for /app/data/b2c/67174/b37789q/gbkfrontend-67174/src/components/Login/styles.js
2025-09-08 10:40:00,038 - Knowledge - INFO - persist search terms embedding for src/components/svgIcons/NoData.js
2025-09-08 10:40:00,159 - Knowledge - INFO - Found code-base-name: https://github.com/kavia-common/gbkfrontend-67174.git:kavia-master
2025-09-08 10:40:00,165 - Knowledge - INFO - worker kw23 pull /app/data/b2c/67174/b37789q/gbkfrontend-67174/src/components/Home/Home.module.css from ingest queue
2025-09-08 10:40:00,170 - Knowledge - INFO - Found code-base-name: https://github.com/kavia-common/gbkfrontend-67174.git:kavia-master
2025-09-08 10:40:00,173 - Knowledge - INFO - worker kw4 pull /app/data/b2c/67174/b37789q/gbkfrontend-67174/src/components/Invoice/Invoice.js from ingest queue
2025-09-08 10:40:00,265 - Knowledge - INFO - Found code_base: <app.utils.kg_build.knowledge.KnowledgeCodeBase object at 0x7f76ebfc32d0>
2025-09-08 10:40:00,379 - Knowledge - INFO - Thread kw23 - File Home.module.css - Remaining files in queue: 37
2025-09-08 10:40:00,505 - Knowledge - INFO - Found code_base: <app.utils.kg_build.knowledge.KnowledgeCodeBase object at 0x7f76ebfc32d0>
2025-09-08 10:40:00,592 - Knowledge - INFO - Thread kw4 - File Invoice.js - Remaining files in queue: 37
2025-09-08 10:40:00,721 - Knowledge - INFO - persist ingested knowledge for /app/data/b2c/67174/b37789q/gbkfrontend-67174/src/components/Clients/ClientList.js
2025-09-08 10:40:00,858 - Knowledge - INFO - start ingest for /app/data/b2c/67174/b37789q/gbkfrontend-67174/src/components/Home/Home.module.css
2025-09-08 10:40:00,977 - Knowledge - INFO - persist ingested knowledge for /app/data/b2c/67174/b37789q/gbkfrontend-67174/src/components/Clients/Clients.js
2025-09-08 10:40:01,105 - Knowledge - INFO - start ingest for /app/data/b2c/67174/b37789q/gbkfrontend-67174/src/components/Invoice/Invoice.js
2025-09-08 10:40:01,231 - Knowledge - INFO - done ingest for /app/data/b2c/67174/b37789q/gbkfrontend-67174/src/components/Settings/Form/Profile.js
2025-09-08 10:40:01,605 - Knowledge - INFO - process ingested knowledge for /app/data/b2c/67174/b37789q/gbkfrontend-67174/src/components/Settings/Form/Profile.js
2025-09-08 10:40:01,648 - Knowledge - INFO - persist search terms embedding for src/components/Clients/ClientList.js
2025-09-08 10:40:02,164 - Knowledge - INFO - persist search terms embedding for src/components/Clients/Clients.js
2025-09-08 10:40:02,242 - Knowledge - INFO - Found code-base-name: https://github.com/kavia-common/gbkfrontend-67174.git:kavia-master
2025-09-08 10:40:02,344 - Knowledge - INFO - Found code_base: <app.utils.kg_build.knowledge.KnowledgeCodeBase object at 0x7f76ebfc32d0>
2025-09-08 10:40:02,244 - Knowledge - INFO - worker kw21 pull /app/data/b2c/67174/b37789q/gbkfrontend-67174/src/components/Invoice/SelectType.js from ingest queue
2025-09-08 10:40:02,242 - Knowledge - INFO - worker kw12 pull /app/data/b2c/67174/b37789q/gbkfrontend-67174/src/components/Invoice/Invoice.module.css from ingest queue
2025-09-08 10:40:02,453 - Knowledge - INFO - persist ingested knowledge for /app/data/b2c/67174/b37789q/gbkfrontend-67174/src/components/Settings/Form/Profile.js
2025-09-08 10:40:02,545 - Knowledge - INFO - Thread kw21 - File SelectType.js - Remaining files in queue: 35
2025-09-08 10:40:02,658 - Knowledge - INFO - Thread kw12 - File Invoice.module.css - Remaining files in queue: 35
2025-09-08 10:40:02,832 - Knowledge - INFO - done ingest for /app/data/b2c/67174/b37789q/gbkfrontend-67174/src/components/Clients/AddClient.js
2025-09-08 10:40:02,859 - Knowledge - INFO - start ingest for /app/data/b2c/67174/b37789q/gbkfrontend-67174/src/components/Invoice/SelectType.js
2025-09-08 10:40:02,929 - Knowledge - INFO - start ingest for /app/data/b2c/67174/b37789q/gbkfrontend-67174/src/components/Invoice/Invoice.module.css
2025-09-08 10:40:03,039 - Knowledge - INFO - process ingested knowledge for /app/data/b2c/67174/b37789q/gbkfrontend-67174/src/components/Clients/AddClient.js
2025-09-08 10:40:03,344 - Knowledge - INFO - persist search terms embedding for src/components/Settings/Form/Profile.js
2025-09-08 10:40:03,464 - Knowledge - INFO - Found code-base-name: https://github.com/kavia-common/gbkfrontend-67174.git:kavia-master
2025-09-08 10:40:03,528 - Knowledge - INFO - Found code_base: <app.utils.kg_build.knowledge.KnowledgeCodeBase object at 0x7f76ebfc32d0>
2025-09-08 10:40:03,466 - Knowledge - INFO - worker kw24 pull /app/data/b2c/67174/b37789q/gbkfrontend-67174/src/components/Invoice/AddClient.js from ingest queue
2025-09-08 10:40:03,608 - Knowledge - INFO - persist ingested knowledge for /app/data/b2c/67174/b37789q/gbkfrontend-67174/src/components/Clients/AddClient.js
2025-09-08 10:40:03,718 - Knowledge - INFO - Thread kw24 - File AddClient.js - Remaining files in queue: 34
2025-09-08 10:40:03,906 - Knowledge - INFO - start ingest for /app/data/b2c/67174/b37789q/gbkfrontend-67174/src/components/Invoice/AddClient.js
2025-09-08 10:40:04,682 - Knowledge - INFO - persist search terms embedding for src/components/Clients/AddClient.js
2025-09-08 10:40:04,819 - Knowledge - INFO - worker kw17 pull /app/data/b2c/67174/b37789q/gbkfrontend-67174/src/components/Password/Reset.js from ingest queue
2025-09-08 10:40:04,842 - Knowledge - INFO - done ingest for /app/data/b2c/67174/b37789q/gbkfrontend-67174/src/components/Settings/Form/icon.js
2025-09-08 10:40:04,943 - Knowledge - INFO - Thread kw17 - File Reset.js - Remaining files in queue: 33
2025-09-08 10:40:05,021 - Knowledge - INFO - done ingest for /app/data/b2c/67174/b37789q/gbkfrontend-67174/src/components/NavBar/NavBar.js
2025-09-08 10:40:05,065 - Knowledge - INFO - process ingested knowledge for /app/data/b2c/67174/b37789q/gbkfrontend-67174/src/components/Settings/Form/icon.js
2025-09-08 10:40:05,146 - Knowledge - INFO - start ingest for /app/data/b2c/67174/b37789q/gbkfrontend-67174/src/components/Password/Reset.js
2025-09-08 10:40:05,251 - Knowledge - INFO - process ingested knowledge for /app/data/b2c/67174/b37789q/gbkfrontend-67174/src/components/NavBar/NavBar.js
2025-09-08 10:40:05,320 - Knowledge - INFO - Found code-base-name: https://github.com/kavia-common/gbkfrontend-67174.git:kavia-master
2025-09-08 10:40:05,480 - Knowledge - INFO - Found code-base-name: https://github.com/kavia-common/gbkfrontend-67174.git:kavia-master
2025-09-08 10:40:05,580 - Knowledge - INFO - Found code_base: <app.utils.kg_build.knowledge.KnowledgeCodeBase object at 0x7f76ebfc32d0>
2025-09-08 10:40:05,694 - Knowledge - INFO - Found code_base: <app.utils.kg_build.knowledge.KnowledgeCodeBase object at 0x7f76ebfc32d0>
2025-09-08 10:40:05,820 - Knowledge - INFO - persist ingested knowledge for /app/data/b2c/67174/b37789q/gbkfrontend-67174/src/components/Settings/Form/icon.js
2025-09-08 10:40:05,916 - Knowledge - INFO - persist ingested knowledge for /app/data/b2c/67174/b37789q/gbkfrontend-67174/src/components/NavBar/NavBar.js
2025-09-08 10:40:06,226 - Knowledge - INFO - done ingest for /app/data/b2c/67174/b37789q/gbkfrontend-67174/src/components/Settings/Settings.js
2025-09-08 10:40:06,366 - Knowledge - INFO - process ingested knowledge for /app/data/b2c/67174/b37789q/gbkfrontend-67174/src/components/Settings/Settings.js
2025-09-08 10:40:06,506 - Knowledge - INFO - persist search terms embedding for src/components/Settings/Form/icon.js
2025-09-08 10:40:07,294 - Knowledge - INFO - persist search terms embedding for src/components/NavBar/NavBar.js
2025-09-08 10:40:07,392 - Knowledge - INFO - Found code-base-name: https://github.com/kavia-common/gbkfrontend-67174.git:kavia-master
2025-09-08 10:40:07,401 - Knowledge - INFO - worker kw25 pull /app/data/b2c/67174/b37789q/gbkfrontend-67174/src/components/Login/Icon.js from ingest queue
2025-09-08 10:40:07,402 - Knowledge - INFO - worker kw15 pull /app/data/b2c/67174/b37789q/gbkfrontend-67174/src/components/Home/Home.js from ingest queue
2025-09-08 10:40:07,468 - Knowledge - INFO - Found code_base: <app.utils.kg_build.knowledge.KnowledgeCodeBase object at 0x7f76ebfc32d0>
2025-09-08 10:40:07,642 - Knowledge - INFO - Thread kw25 - File Icon.js - Remaining files in queue: 31
2025-09-08 10:40:08,049 - Knowledge - INFO - start ingest for /app/data/b2c/67174/b37789q/gbkfrontend-67174/src/components/Login/Icon.js
2025-09-08 10:40:07,906 - Knowledge - INFO - persist ingested knowledge for /app/data/b2c/67174/b37789q/gbkfrontend-67174/src/components/Settings/Settings.js
2025-09-08 10:40:07,774 - Knowledge - INFO - Thread kw15 - File Home.js - Remaining files in queue: 31
2025-09-08 10:40:08,211 - Knowledge - INFO - Fast-track processing for simple file: /app/data/b2c/67174/b37789q/gbkfrontend-67174/src/components/Login/Icon.js
2025-09-08 10:40:08,436 - Knowledge - INFO - start ingest for /app/data/b2c/67174/b37789q/gbkfrontend-67174/src/components/Home/Home.js
2025-09-08 10:40:08,490 - Knowledge - INFO - done ingest for /app/data/b2c/67174/b37789q/gbkfrontend-67174/src/components/Settings/Form/Uploader.js
2025-09-08 10:40:08,556 - Knowledge - INFO - done fast ingest for /app/data/b2c/67174/b37789q/gbkfrontend-67174/src/components/Login/Icon.js
2025-09-08 10:40:08,951 - Knowledge - INFO - persist search terms embedding for src/components/Settings/Settings.js
2025-09-08 10:40:09,015 - Knowledge - INFO - process ingested knowledge for /app/data/b2c/67174/b37789q/gbkfrontend-67174/src/components/Settings/Form/Uploader.js
2025-09-08 10:40:09,080 - Knowledge - INFO - worker kw5 pull /app/data/b2c/67174/b37789q/gbkfrontend-67174/src/components/InvoiceDetails/InvoiceDetails.js from ingest queue
2025-09-08 10:40:09,171 - Knowledge - INFO - Found code-base-name: https://github.com/kavia-common/gbkfrontend-67174.git:kavia-master
2025-09-08 10:40:09,221 - Knowledge - INFO - process ingested knowledge for /app/data/b2c/67174/b37789q/gbkfrontend-67174/src/components/Login/Icon.js
2025-09-08 10:40:09,328 - Knowledge - INFO - Thread kw5 - File InvoiceDetails.js - Remaining files in queue: 30
2025-09-08 10:40:09,458 - Knowledge - INFO - Found code_base: <app.utils.kg_build.knowledge.KnowledgeCodeBase object at 0x7f76ebfc32d0>
2025-09-08 10:40:09,591 - Knowledge - INFO - Found code-base-name: https://github.com/kavia-common/gbkfrontend-67174.git:kavia-master
2025-09-08 10:40:09,826 - Knowledge - INFO - done ingest for /app/data/b2c/67174/b37789q/gbkfrontend-67174/src/components/Settings/Form/styles.js
2025-09-08 10:40:09,827 - Knowledge - INFO - start ingest for /app/data/b2c/67174/b37789q/gbkfrontend-67174/src/components/InvoiceDetails/InvoiceDetails.js
2025-09-08 10:40:09,920 - Knowledge - INFO - done ingest for /app/data/b2c/67174/b37789q/gbkfrontend-67174/src/components/Settings/Form/Form.js
2025-09-08 10:40:09,923 - Knowledge - INFO - persist ingested knowledge for /app/data/b2c/67174/b37789q/gbkfrontend-67174/src/components/Settings/Form/Uploader.js
2025-09-08 10:40:09,964 - Knowledge - INFO - done ingest for /app/data/b2c/67174/b37789q/gbkfrontend-67174/src/components/Settings/Form/Input.js
2025-09-08 10:40:10,008 - Knowledge - INFO - Found code_base: <app.utils.kg_build.knowledge.KnowledgeCodeBase object at 0x7f76ebfc32d0>
2025-09-08 10:40:10,123 - Knowledge - INFO - process ingested knowledge for /app/data/b2c/67174/b37789q/gbkfrontend-67174/src/components/Settings/Form/styles.js
2025-09-08 10:40:10,355 - Knowledge - INFO - process ingested knowledge for /app/data/b2c/67174/b37789q/gbkfrontend-67174/src/components/Settings/Form/Form.js
2025-09-08 10:40:10,549 - Knowledge - INFO - process ingested knowledge for /app/data/b2c/67174/b37789q/gbkfrontend-67174/src/components/Settings/Form/Input.js
2025-09-08 10:40:10,618 - Knowledge - INFO - persist ingested knowledge for /app/data/b2c/67174/b37789q/gbkfrontend-67174/src/components/Login/Icon.js
2025-09-08 10:40:10,803 - Knowledge - INFO - persist search terms embedding for src/components/Settings/Form/Uploader.js
2025-09-08 10:40:11,086 - Knowledge - INFO - Found code-base-name: https://github.com/kavia-common/gbkfrontend-67174.git:kavia-master
2025-09-08 10:40:11,162 - Knowledge - INFO - Found code_base: <app.utils.kg_build.knowledge.KnowledgeCodeBase object at 0x7f76ebfc32d0>
2025-09-08 10:40:11,089 - Knowledge - INFO - Found code-base-name: https://github.com/kavia-common/gbkfrontend-67174.git:kavia-master
2025-09-08 10:40:11,088 - Knowledge - INFO - Found code-base-name: https://github.com/kavia-common/gbkfrontend-67174.git:kavia-master
2025-09-08 10:40:11,215 - Knowledge - INFO - worker kw8 pull /app/data/b2c/67174/b37789q/gbkfrontend-67174/src/components/Invoice/InvoiceType.js from ingest queue
2025-09-08 10:40:11,216 - Knowledge - INFO - worker kw25 pull /app/data/b2c/67174/b37789q/gbkfrontend-67174/src/components/Password/Forgot.js from ingest queue
2025-09-08 10:40:11,237 - Knowledge - INFO - persist ingested knowledge for /app/data/b2c/67174/b37789q/gbkfrontend-67174/src/components/Settings/Form/styles.js
2025-09-08 10:40:11,324 - Knowledge - INFO - Found code_base: <app.utils.kg_build.knowledge.KnowledgeCodeBase object at 0x7f76ebfc32d0>
2025-09-08 10:40:11,415 - Knowledge - INFO - Found code_base: <app.utils.kg_build.knowledge.KnowledgeCodeBase object at 0x7f76ebfc32d0>
2025-09-08 10:40:11,878 - Knowledge - INFO - persist ingested knowledge for /app/data/b2c/67174/b37789q/gbkfrontend-67174/src/components/Settings/Form/Form.js
2025-09-08 10:40:11,588 - Knowledge - INFO - Thread kw25 - File Forgot.js - Remaining files in queue: 28
2025-09-08 10:40:11,748 - Knowledge - INFO - persist ingested knowledge for /app/data/b2c/67174/b37789q/gbkfrontend-67174/src/components/Settings/Form/Input.js
2025-09-08 10:40:11,485 - Knowledge - INFO - Thread kw8 - File InvoiceType.js - Remaining files in queue: 28
2025-09-08 10:40:12,001 - Knowledge - INFO - done ingest for /app/data/b2c/67174/b37789q/gbkfrontend-67174/src/components/Settings/Settings.module.css
2025-09-08 10:40:12,098 - Knowledge - INFO - persist search terms embedding for src/components/Settings/Form/styles.js
2025-09-08 10:40:12,114 - Knowledge - INFO - start ingest for /app/data/b2c/67174/b37789q/gbkfrontend-67174/src/components/Password/Forgot.js
2025-09-08 10:40:12,334 - Knowledge - INFO - start ingest for /app/data/b2c/67174/b37789q/gbkfrontend-67174/src/components/Invoice/InvoiceType.js
2025-09-08 10:40:12,444 - Knowledge - INFO - process ingested knowledge for /app/data/b2c/67174/b37789q/gbkfrontend-67174/src/components/Settings/Settings.module.css
2025-09-08 10:40:12,905 - Knowledge - INFO - persist search terms embedding for src/components/Settings/Form/Form.js
2025-09-08 10:40:13,365 - Knowledge - INFO - persist search terms embedding for src/components/Settings/Form/Input.js
2025-09-08 10:40:13,440 - Knowledge - INFO - worker kw13 pull /app/data/b2c/67174/b37789q/gbkfrontend-67174/src/components/InvoiceDetails/InvoiceDetails.module.css from ingest queue
2025-09-08 10:40:13,530 - Knowledge - INFO - Thread kw13 - File InvoiceDetails.module.css - Remaining files in queue: 25
2025-09-08 10:40:13,441 - Knowledge - INFO - worker kw7 pull /app/data/b2c/67174/b37789q/gbkfrontend-67174/src/components/InvoiceDetails/PaymentHistory.js from ingest queue
2025-09-08 10:40:13,441 - Knowledge - INFO - worker kw3 pull /app/data/b2c/67174/b37789q/gbkfrontend-67174/src/components/Password/Password.module.css from ingest queue
2025-09-08 10:40:13,440 - Knowledge - INFO - Found code-base-name: https://github.com/kavia-common/gbkfrontend-67174.git:kavia-master
2025-09-08 10:40:13,639 - Knowledge - INFO - start ingest for /app/data/b2c/67174/b37789q/gbkfrontend-67174/src/components/InvoiceDetails/InvoiceDetails.module.css
2025-09-08 10:40:13,723 - Knowledge - INFO - Thread kw7 - File PaymentHistory.js - Remaining files in queue: 25
2025-09-08 10:40:13,820 - Knowledge - INFO - Thread kw3 - File Password.module.css - Remaining files in queue: 25
2025-09-08 10:40:13,923 - Knowledge - INFO - Found code_base: <app.utils.kg_build.knowledge.KnowledgeCodeBase object at 0x7f76ebfc32d0>
2025-09-08 10:40:14,095 - Knowledge - INFO - start ingest for /app/data/b2c/67174/b37789q/gbkfrontend-67174/src/components/InvoiceDetails/PaymentHistory.js
2025-09-08 10:40:14,194 - Knowledge - INFO - start ingest for /app/data/b2c/67174/b37789q/gbkfrontend-67174/src/components/Password/Password.module.css
2025-09-08 10:40:14,298 - Knowledge - INFO - persist ingested knowledge for /app/data/b2c/67174/b37789q/gbkfrontend-67174/src/components/Settings/Settings.module.css
2025-09-08 10:40:14,503 - Knowledge - INFO - Fast-track processing for simple file: /app/data/b2c/67174/b37789q/gbkfrontend-67174/src/components/Password/Password.module.css
2025-09-08 10:40:14,681 - Knowledge - INFO - done fast ingest for /app/data/b2c/67174/b37789q/gbkfrontend-67174/src/components/Password/Password.module.css
2025-09-08 10:40:14,671 - Knowledge - INFO - worker kw9 pull /app/data/b2c/67174/b37789q/gbkfrontend-67174/src/components/Footer/Footer.js from ingest queue
2025-09-08 10:40:14,796 - Knowledge - INFO - process ingested knowledge for /app/data/b2c/67174/b37789q/gbkfrontend-67174/src/components/Password/Password.module.css
2025-09-08 10:40:14,897 - Knowledge - INFO - Thread kw9 - File Footer.js - Remaining files in queue: 24
2025-09-08 10:40:14,993 - Knowledge - INFO - Found code-base-name: https://github.com/kavia-common/gbkfrontend-67174.git:kavia-master
2025-09-08 10:40:15,117 - Knowledge - INFO - start ingest for /app/data/b2c/67174/b37789q/gbkfrontend-67174/src/components/Footer/Footer.js
2025-09-08 10:40:15,220 - Knowledge - INFO - Found code_base: <app.utils.kg_build.knowledge.KnowledgeCodeBase object at 0x7f76ebfc32d0>
2025-09-08 10:40:15,398 - Knowledge - INFO - persist ingested knowledge for /app/data/b2c/67174/b37789q/gbkfrontend-67174/src/components/Password/Password.module.css
2025-09-08 10:40:15,600 - Knowledge - INFO - worker kw3 pull /app/data/b2c/67174/b37789q/gbkfrontend-67174/src/components/Spinner/Spinner.module.css from ingest queue
2025-09-08 10:40:15,695 - Knowledge - INFO - Thread kw3 - File Spinner.module.css - Remaining files in queue: 23
2025-09-08 10:40:15,797 - Knowledge - INFO - start ingest for /app/data/b2c/67174/b37789q/gbkfrontend-67174/src/components/Spinner/Spinner.module.css
2025-09-08 10:40:17,373 - Knowledge - INFO - done ingest for /app/data/b2c/67174/b37789q/gbkfrontend-67174/src/components/Fab/Fab.js
2025-09-08 10:40:17,491 - Knowledge - INFO - process ingested knowledge for /app/data/b2c/67174/b37789q/gbkfrontend-67174/src/components/Fab/Fab.js
2025-09-08 10:40:17,563 - Knowledge - INFO - Found code-base-name: https://github.com/kavia-common/gbkfrontend-67174.git:kavia-master
2025-09-08 10:40:17,685 - Knowledge - INFO - Found code_base: <app.utils.kg_build.knowledge.KnowledgeCodeBase object at 0x7f76ebfc32d0>
2025-09-08 10:40:17,758 - Knowledge - INFO - persist ingested knowledge for /app/data/b2c/67174/b37789q/gbkfrontend-67174/src/components/Fab/Fab.js
2025-09-08 10:40:18,225 - Knowledge - INFO - persist search terms embedding for src/components/Fab/Fab.js
2025-09-08 10:40:18,317 - Knowledge - INFO - worker kw2 pull /app/data/b2c/67174/b37789q/gbkfrontend-67174/src/components/Spinner/Spinner.js from ingest queue
2025-09-08 10:40:18,403 - Knowledge - INFO - Thread kw2 - File Spinner.js - Remaining files in queue: 22
2025-09-08 10:40:18,490 - Knowledge - INFO - start ingest for /app/data/b2c/67174/b37789q/gbkfrontend-67174/src/components/Spinner/Spinner.js
2025-09-08 10:40:18,604 - Knowledge - INFO - Fast-track processing for simple file: /app/data/b2c/67174/b37789q/gbkfrontend-67174/src/components/Spinner/Spinner.js
2025-09-08 10:40:18,678 - Knowledge - INFO - done fast ingest for /app/data/b2c/67174/b37789q/gbkfrontend-67174/src/components/Spinner/Spinner.js
2025-09-08 10:40:18,776 - Knowledge - INFO - process ingested knowledge for /app/data/b2c/67174/b37789q/gbkfrontend-67174/src/components/Spinner/Spinner.js
2025-09-08 10:40:18,891 - Knowledge - INFO - Found code-base-name: https://github.com/kavia-common/gbkfrontend-67174.git:kavia-master
2025-09-08 10:40:18,962 - Knowledge - INFO - Found code_base: <app.utils.kg_build.knowledge.KnowledgeCodeBase object at 0x7f76ebfc32d0>
2025-09-08 10:40:19,045 - Knowledge - INFO - persist ingested knowledge for /app/data/b2c/67174/b37789q/gbkfrontend-67174/src/components/Spinner/Spinner.js
2025-09-08 10:40:19,220 - Knowledge - INFO - worker kw2 pull /app/data/b2c/67174/b37789q/gbkfrontend-67174/src/components/Icons.js from ingest queue
2025-09-08 10:40:19,315 - Knowledge - INFO - Thread kw2 - File Icons.js - Remaining files in queue: 21
2025-09-08 10:40:19,389 - Knowledge - INFO - start ingest for /app/data/b2c/67174/b37789q/gbkfrontend-67174/src/components/Icons.js
2025-09-08 10:40:21,547 - Knowledge - INFO - done ingest for /app/data/b2c/67174/b37789q/gbkfrontend-67174/src/components/Login/Google.js
2025-09-08 10:40:21,791 - Knowledge - INFO - done ingest for /app/data/b2c/67174/b37789q/gbkfrontend-67174/src/components/Login/Login.module.css
2025-09-08 10:40:21,802 - Knowledge - INFO - process ingested knowledge for /app/data/b2c/67174/b37789q/gbkfrontend-67174/src/components/Login/Google.js
2025-09-08 10:40:21,909 - Knowledge - INFO - process ingested knowledge for /app/data/b2c/67174/b37789q/gbkfrontend-67174/src/components/Login/Login.module.css
2025-09-08 10:40:22,046 - Knowledge - INFO - Found code-base-name: https://github.com/kavia-common/gbkfrontend-67174.git:kavia-master
2025-09-08 10:40:22,164 - Knowledge - INFO - Found code-base-name: https://github.com/kavia-common/gbkfrontend-67174.git:kavia-master
2025-09-08 10:40:22,297 - Knowledge - INFO - Found code_base: <app.utils.kg_build.knowledge.KnowledgeCodeBase object at 0x7f76ebfc32d0>
2025-09-08 10:40:22,437 - Knowledge - INFO - Found code_base: <app.utils.kg_build.knowledge.KnowledgeCodeBase object at 0x7f76ebfc32d0>
2025-09-08 10:40:22,528 - Knowledge - INFO - persist ingested knowledge for /app/data/b2c/67174/b37789q/gbkfrontend-67174/src/components/Login/Google.js
2025-09-08 10:40:22,700 - Knowledge - INFO - persist ingested knowledge for /app/data/b2c/67174/b37789q/gbkfrontend-67174/src/components/Login/Login.module.css
2025-09-08 10:40:23,573 - Knowledge - INFO - persist search terms embedding for src/components/Login/Google.js
2025-09-08 10:40:23,879 - Knowledge - INFO - worker kw1 pull /app/data/b2c/67174/b37789q/gbkfrontend-67174/src/components/Footer/Footer.module.css from ingest queue
2025-09-08 10:40:23,879 - Knowledge - INFO - worker kw16 pull /app/data/b2c/67174/b37789q/gbkfrontend-67174/src/initialState.js from ingest queue
2025-09-08 10:40:23,973 - Knowledge - INFO - Thread kw1 - File Footer.module.css - Remaining files in queue: 19
2025-09-08 10:40:23,983 - Knowledge - INFO - done ingest for /app/data/b2c/67174/b37789q/gbkfrontend-67174/src/components/Invoice/Invoice.module.css
2025-09-08 10:40:24,082 - Knowledge - INFO - Thread kw16 - File initialState.js - Remaining files in queue: 19
2025-09-08 10:40:24,171 - Knowledge - INFO - start ingest for /app/data/b2c/67174/b37789q/gbkfrontend-67174/src/components/Footer/Footer.module.css
2025-09-08 10:40:24,269 - Knowledge - INFO - process ingested knowledge for /app/data/b2c/67174/b37789q/gbkfrontend-67174/src/components/Invoice/Invoice.module.css
2025-09-08 10:40:24,343 - Knowledge - INFO - done ingest for /app/data/b2c/67174/b37789q/gbkfrontend-67174/src/components/Login/Login.js
2025-09-08 10:40:24,408 - Knowledge - INFO - start ingest for /app/data/b2c/67174/b37789q/gbkfrontend-67174/src/initialState.js
2025-09-08 10:40:24,522 - Knowledge - INFO - Fast-track processing for simple file: /app/data/b2c/67174/b37789q/gbkfrontend-67174/src/components/Footer/Footer.module.css
2025-09-08 10:40:24,586 - Knowledge - INFO - Found code-base-name: https://github.com/kavia-common/gbkfrontend-67174.git:kavia-master
2025-09-08 10:40:24,690 - Knowledge - INFO - done ingest for /app/data/b2c/67174/b37789q/gbkfrontend-67174/src/components/Header/Header.module.css
2025-09-08 10:40:24,711 - Knowledge - INFO - process ingested knowledge for /app/data/b2c/67174/b37789q/gbkfrontend-67174/src/components/Login/Login.js
2025-09-08 10:40:24,777 - Knowledge - INFO - Fast-track processing for simple file: /app/data/b2c/67174/b37789q/gbkfrontend-67174/src/initialState.js
2025-09-08 10:40:24,855 - Knowledge - INFO - done fast ingest for /app/data/b2c/67174/b37789q/gbkfrontend-67174/src/components/Footer/Footer.module.css
2025-09-08 10:40:24,878 - Knowledge - INFO - done ingest for /app/data/b2c/67174/b37789q/gbkfrontend-67174/src/components/Payments/DatePicker.js
2025-09-08 10:40:24,993 - Knowledge - INFO - Found code_base: <app.utils.kg_build.knowledge.KnowledgeCodeBase object at 0x7f76ebfc32d0>
2025-09-08 10:40:25,077 - Knowledge - INFO - process ingested knowledge for /app/data/b2c/67174/b37789q/gbkfrontend-67174/src/components/Header/Header.module.css
2025-09-08 10:40:25,194 - Knowledge - INFO - Found code-base-name: https://github.com/kavia-common/gbkfrontend-67174.git:kavia-master
2025-09-08 10:40:25,302 - Knowledge - INFO - done fast ingest for /app/data/b2c/67174/b37789q/gbkfrontend-67174/src/initialState.js
2025-09-08 10:40:25,379 - Knowledge - INFO - process ingested knowledge for /app/data/b2c/67174/b37789q/gbkfrontend-67174/src/components/Footer/Footer.module.css
2025-09-08 10:40:25,538 - Knowledge - INFO - process ingested knowledge for /app/data/b2c/67174/b37789q/gbkfrontend-67174/src/components/Payments/DatePicker.js
2025-09-08 10:40:25,587 - Knowledge - INFO - persist ingested knowledge for /app/data/b2c/67174/b37789q/gbkfrontend-67174/src/components/Invoice/Invoice.module.css
2025-09-08 10:40:25,667 - Knowledge - INFO - Found code-base-name: https://github.com/kavia-common/gbkfrontend-67174.git:kavia-master
2025-09-08 10:40:25,753 - Knowledge - INFO - Found code_base: <app.utils.kg_build.knowledge.KnowledgeCodeBase object at 0x7f76ebfc32d0>
2025-09-08 10:40:25,959 - Knowledge - INFO - process ingested knowledge for /app/data/b2c/67174/b37789q/gbkfrontend-67174/src/initialState.js
2025-09-08 10:40:25,963 - Knowledge - INFO - done ingest for /app/data/b2c/67174/b37789q/gbkfrontend-67174/src/components/Payments/Modal.js
2025-09-08 10:40:26,035 - Knowledge - INFO - Found code-base-name: https://github.com/kavia-common/gbkfrontend-67174.git:kavia-master
2025-09-08 10:40:26,148 - Knowledge - INFO - Found code-base-name: https://github.com/kavia-common/gbkfrontend-67174.git:kavia-master
2025-09-08 10:40:26,348 - Knowledge - INFO - Found code_base: <app.utils.kg_build.knowledge.KnowledgeCodeBase object at 0x7f76ebfc32d0>
2025-09-08 10:40:26,431 - Knowledge - INFO - persist ingested knowledge for /app/data/b2c/67174/b37789q/gbkfrontend-67174/src/components/Login/Login.js
2025-09-08 10:40:26,471 - Knowledge - INFO - worker kw12 pull /app/data/b2c/67174/b37789q/gbkfrontend-67174/src/actions/auth.js from ingest queue
2025-09-08 10:40:26,482 - Knowledge - INFO - done ingest for /app/data/b2c/67174/b37789q/gbkfrontend-67174/src/components/svgIcons/Empty.js
2025-09-08 10:40:26,515 - Knowledge - INFO - Found code-base-name: https://github.com/kavia-common/gbkfrontend-67174.git:kavia-master
2025-09-08 10:40:26,704 - Knowledge - INFO - process ingested knowledge for /app/data/b2c/67174/b37789q/gbkfrontend-67174/src/components/Payments/Modal.js
2025-09-08 10:40:26,710 - Knowledge - INFO - Found code_base: <app.utils.kg_build.knowledge.KnowledgeCodeBase object at 0x7f76ebfc32d0>
2025-09-08 10:40:26,800 - Knowledge - INFO - Found code_base: <app.utils.kg_build.knowledge.KnowledgeCodeBase object at 0x7f76ebfc32d0>
2025-09-08 10:40:26,942 - Knowledge - INFO - persist ingested knowledge for /app/data/b2c/67174/b37789q/gbkfrontend-67174/src/components/Header/Header.module.css
2025-09-08 10:40:27,150 - Knowledge - INFO - Thread kw12 - File auth.js - Remaining files in queue: 18
2025-09-08 10:40:27,317 - Knowledge - INFO - process ingested knowledge for /app/data/b2c/67174/b37789q/gbkfrontend-67174/src/components/svgIcons/Empty.js
2025-09-08 10:40:27,350 - Knowledge - INFO - Found code_base: <app.utils.kg_build.knowledge.KnowledgeCodeBase object at 0x7f76ebfc32d0>
2025-09-08 10:40:28,027 - Knowledge - INFO - persist ingested knowledge for /app/data/b2c/67174/b37789q/gbkfrontend-67174/src/initialState.js
2025-09-08 10:40:27,587 - Knowledge - INFO - persist search terms embedding for src/components/Login/Login.js
2025-09-08 10:40:27,645 - Knowledge - INFO - persist ingested knowledge for /app/data/b2c/67174/b37789q/gbkfrontend-67174/src/components/Payments/DatePicker.js
2025-09-08 10:40:27,857 - Knowledge - INFO - start ingest for /app/data/b2c/67174/b37789q/gbkfrontend-67174/src/actions/auth.js
2025-09-08 10:40:27,953 - Knowledge - INFO - done ingest for /app/data/b2c/67174/b37789q/gbkfrontend-67174/src/components/Login/Field.js
2025-09-08 10:40:27,572 - Knowledge - INFO - persist ingested knowledge for /app/data/b2c/67174/b37789q/gbkfrontend-67174/src/components/Footer/Footer.module.css
2025-09-08 10:40:28,271 - Knowledge - INFO - Found code-base-name: https://github.com/kavia-common/gbkfrontend-67174.git:kavia-master
2025-09-08 10:40:28,372 - Knowledge - INFO - done ingest for /app/data/b2c/67174/b37789q/gbkfrontend-67174/src/components/Login/styles.js
2025-09-08 10:40:28,497 - Knowledge - INFO - Found code-base-name: https://github.com/kavia-common/gbkfrontend-67174.git:kavia-master
2025-09-08 10:40:28,647 - Knowledge - INFO - process ingested knowledge for /app/data/b2c/67174/b37789q/gbkfrontend-67174/src/components/Login/Field.js
2025-09-08 10:40:28,692 - Knowledge - INFO - worker kw14 pull /app/data/b2c/67174/b37789q/gbkfrontend-67174/src/components/Password/styles.js from ingest queue
2025-09-08 10:40:28,693 - Knowledge - INFO - worker kw10 pull /app/data/b2c/67174/b37789q/gbkfrontend-67174/src/actions/clientActions.js from ingest queue
2025-09-08 10:40:29,340 - Knowledge - INFO - Thread kw10 - File clientActions.js - Remaining files in queue: 16
2025-09-08 10:40:28,973 - Knowledge - INFO - process ingested knowledge for /app/data/b2c/67174/b37789q/gbkfrontend-67174/src/components/Login/styles.js
2025-09-08 10:40:29,030 - Knowledge - INFO - done ingest for /app/data/b2c/67174/b37789q/gbkfrontend-67174/src/components/Home/Home.module.css
2025-09-08 10:40:29,040 - Knowledge - INFO - Found code_base: <app.utils.kg_build.knowledge.KnowledgeCodeBase object at 0x7f76ebfc32d0>
2025-09-08 10:40:29,258 - Knowledge - INFO - Thread kw14 - File styles.js - Remaining files in queue: 16
2025-09-08 10:40:28,794 - Knowledge - INFO - Found code_base: <app.utils.kg_build.knowledge.KnowledgeCodeBase object at 0x7f76ebfc32d0>
2025-09-08 10:40:29,413 - Knowledge - INFO - start ingest for /app/data/b2c/67174/b37789q/gbkfrontend-67174/src/actions/clientActions.js
2025-09-08 10:40:29,480 - Knowledge - INFO - persist search terms embedding for src/components/Payments/DatePicker.js
2025-09-08 10:40:29,613 - Knowledge - INFO - process ingested knowledge for /app/data/b2c/67174/b37789q/gbkfrontend-67174/src/components/Home/Home.module.css
2025-09-08 10:40:29,710 - Knowledge - INFO - persist ingested knowledge for /app/data/b2c/67174/b37789q/gbkfrontend-67174/src/components/svgIcons/Empty.js
2025-09-08 10:40:29,821 - Knowledge - INFO - start ingest for /app/data/b2c/67174/b37789q/gbkfrontend-67174/src/components/Password/styles.js
2025-09-08 10:40:29,877 - Knowledge - INFO - done ingest for /app/data/b2c/67174/b37789q/gbkfrontend-67174/src/components/Invoice/SelectType.js
2025-09-08 10:40:29,891 - Knowledge - INFO - persist ingested knowledge for /app/data/b2c/67174/b37789q/gbkfrontend-67174/src/components/Payments/Modal.js
2025-09-08 10:40:30,098 - Knowledge - INFO - worker kw16 pull /app/data/b2c/67174/b37789q/gbkfrontend-67174/src/actions/invoiceActions.js from ingest queue
2025-09-08 10:40:30,102 - Knowledge - INFO - Found code-base-name: https://github.com/kavia-common/gbkfrontend-67174.git:kavia-master
2025-09-08 10:40:30,130 - Knowledge - INFO - Found code-base-name: https://github.com/kavia-common/gbkfrontend-67174.git:kavia-master
2025-09-08 10:40:30,165 - Knowledge - INFO - worker kw22 pull /app/data/b2c/67174/b37789q/gbkfrontend-67174/src/actions/constants.js from ingest queue
2025-09-08 10:40:30,165 - Knowledge - INFO - worker kw1 pull /app/data/b2c/67174/b37789q/gbkfrontend-67174/src/actions/profile.js from ingest queue
2025-09-08 10:40:30,187 - Knowledge - INFO - done ingest for /app/data/b2c/67174/b37789q/gbkfrontend-67174/src/components/Header/Header.js
2025-09-08 10:40:30,200 - Knowledge - INFO - Found code-base-name: https://github.com/kavia-common/gbkfrontend-67174.git:kavia-master
2025-09-08 10:40:30,441 - Knowledge - INFO - Fast-track processing for simple file: /app/data/b2c/67174/b37789q/gbkfrontend-67174/src/components/Password/styles.js
2025-09-08 10:40:30,558 - Knowledge - INFO - process ingested knowledge for /app/data/b2c/67174/b37789q/gbkfrontend-67174/src/components/Invoice/SelectType.js
2025-09-08 10:40:30,709 - Knowledge - INFO - Thread kw16 - File invoiceActions.js - Remaining files in queue: 13
2025-09-08 10:40:30,832 - Knowledge - INFO - Found code_base: <app.utils.kg_build.knowledge.KnowledgeCodeBase object at 0x7f76ebfc32d0>
2025-09-08 10:40:30,932 - Knowledge - INFO - Found code_base: <app.utils.kg_build.knowledge.KnowledgeCodeBase object at 0x7f76ebfc32d0>
2025-09-08 10:40:30,933 - Knowledge - INFO - persist search terms embedding for src/components/svgIcons/Empty.js
2025-09-08 10:40:31,044 - Knowledge - INFO - Thread kw22 - File constants.js - Remaining files in queue: 13
2025-09-08 10:40:31,160 - Knowledge - INFO - Thread kw1 - File profile.js - Remaining files in queue: 13
2025-09-08 10:40:31,306 - Knowledge - INFO - process ingested knowledge for /app/data/b2c/67174/b37789q/gbkfrontend-67174/src/components/Header/Header.js
2025-09-08 10:40:31,336 - Knowledge - INFO - Found code_base: <app.utils.kg_build.knowledge.KnowledgeCodeBase object at 0x7f76ebfc32d0>
2025-09-08 10:40:31,425 - Knowledge - INFO - done fast ingest for /app/data/b2c/67174/b37789q/gbkfrontend-67174/src/components/Password/styles.js
2025-09-08 10:40:31,630 - Knowledge - INFO - start ingest for /app/data/b2c/67174/b37789q/gbkfrontend-67174/src/actions/invoiceActions.js
2025-09-08 10:40:31,751 - Knowledge - INFO - persist ingested knowledge for /app/data/b2c/67174/b37789q/gbkfrontend-67174/src/components/Login/Field.js
2025-09-08 10:40:31,877 - Knowledge - INFO - persist ingested knowledge for /app/data/b2c/67174/b37789q/gbkfrontend-67174/src/components/Login/styles.js
2025-09-08 10:40:32,067 - Knowledge - INFO - start ingest for /app/data/b2c/67174/b37789q/gbkfrontend-67174/src/actions/constants.js
2025-09-08 10:40:32,177 - Knowledge - INFO - start ingest for /app/data/b2c/67174/b37789q/gbkfrontend-67174/src/actions/profile.js
2025-09-08 10:40:32,376 - Knowledge - INFO - persist ingested knowledge for /app/data/b2c/67174/b37789q/gbkfrontend-67174/src/components/Home/Home.module.css
2025-09-08 10:40:32,450 - Knowledge - INFO - persist search terms embedding for src/components/Payments/Modal.js
2025-09-08 10:40:32,544 - Knowledge - INFO - process ingested knowledge for /app/data/b2c/67174/b37789q/gbkfrontend-67174/src/components/Password/styles.js
2025-09-08 10:40:33,078 - Knowledge - INFO - done ingest for /app/data/b2c/67174/b37789q/gbkfrontend-67174/src/components/InvoiceDetails/InvoiceDetails.module.css
2025-09-08 10:40:33,225 - Knowledge - INFO - Found code-base-name: https://github.com/kavia-common/gbkfrontend-67174.git:kavia-master
2025-09-08 10:40:33,228 - Knowledge - INFO - worker kw18 pull /app/data/b2c/67174/b37789q/gbkfrontend-67174/src/reducers/index.js from ingest queue
2025-09-08 10:40:33,433 - Knowledge - INFO - process ingested knowledge for /app/data/b2c/67174/b37789q/gbkfrontend-67174/src/components/InvoiceDetails/InvoiceDetails.module.css
2025-09-08 10:40:33,526 - Knowledge - INFO - Found code_base: <app.utils.kg_build.knowledge.KnowledgeCodeBase object at 0x7f76ebfc32d0>
2025-09-08 10:40:33,635 - Knowledge - INFO - Thread kw18 - File index.js - Remaining files in queue: 12
2025-09-08 10:40:33,750 - Knowledge - INFO - persist search terms embedding for src/components/Login/Field.js
2025-09-08 10:40:33,853 - Knowledge - INFO - persist ingested knowledge for /app/data/b2c/67174/b37789q/gbkfrontend-67174/src/components/Invoice/SelectType.js
2025-09-08 10:40:33,916 - Knowledge - INFO - done ingest for /app/data/b2c/67174/b37789q/gbkfrontend-67174/src/components/Spinner/Spinner.module.css
2025-09-08 10:40:33,930 - Knowledge - INFO - start ingest for /app/data/b2c/67174/b37789q/gbkfrontend-67174/src/reducers/index.js
2025-09-08 10:40:34,275 - Knowledge - INFO - process ingested knowledge for /app/data/b2c/67174/b37789q/gbkfrontend-67174/src/components/Spinner/Spinner.module.css
2025-09-08 10:40:34,359 - Knowledge - INFO - done ingest for /app/data/b2c/67174/b37789q/gbkfrontend-67174/src/components/Home/Home.js
2025-09-08 10:40:34,387 - Knowledge - INFO - Fast-track processing for simple file: /app/data/b2c/67174/b37789q/gbkfrontend-67174/src/reducers/index.js
2025-09-08 10:40:34,618 - Knowledge - INFO - process ingested knowledge for /app/data/b2c/67174/b37789q/gbkfrontend-67174/src/components/Home/Home.js
2025-09-08 10:40:34,649 - Knowledge - INFO - persist search terms embedding for src/components/Login/styles.js
2025-09-08 10:40:34,662 - Knowledge - INFO - done fast ingest for /app/data/b2c/67174/b37789q/gbkfrontend-67174/src/reducers/index.js
2025-09-08 10:40:35,032 - Knowledge - INFO - process ingested knowledge for /app/data/b2c/67174/b37789q/gbkfrontend-67174/src/reducers/index.js
2025-09-08 10:40:35,094 - Knowledge - INFO - worker kw11 pull /app/data/b2c/67174/b37789q/gbkfrontend-67174/src/reducers/clients.js from ingest queue
2025-09-08 10:40:35,095 - Knowledge - INFO - Found code-base-name: https://github.com/kavia-common/gbkfrontend-67174.git:kavia-master
2025-09-08 10:40:35,100 - Knowledge - INFO - Found code-base-name: https://github.com/kavia-common/gbkfrontend-67174.git:kavia-master
2025-09-08 10:40:35,100 - Knowledge - INFO - worker kw19 pull /app/data/b2c/67174/b37789q/gbkfrontend-67174/src/reducers/profiles.js from ingest queue
2025-09-08 10:40:35,238 - Knowledge - INFO - Thread kw11 - File clients.js - Remaining files in queue: 10
2025-09-08 10:40:35,349 - Knowledge - INFO - Found code_base: <app.utils.kg_build.knowledge.KnowledgeCodeBase object at 0x7f76ebfc32d0>
2025-09-08 10:40:35,455 - Knowledge - INFO - Found code_base: <app.utils.kg_build.knowledge.KnowledgeCodeBase object at 0x7f76ebfc32d0>
2025-09-08 10:40:35,587 - Knowledge - INFO - Thread kw19 - File profiles.js - Remaining files in queue: 10
2025-09-08 10:40:35,608 - Knowledge - INFO - persist search terms embedding for src/components/Invoice/SelectType.js
2025-09-08 10:40:35,641 - Knowledge - INFO - done ingest for /app/data/b2c/67174/b37789q/gbkfrontend-67174/src/components/Invoice/Invoice.js
2025-09-08 10:40:35,698 - Knowledge - INFO - start ingest for /app/data/b2c/67174/b37789q/gbkfrontend-67174/src/reducers/clients.js
2025-09-08 10:40:35,785 - Knowledge - INFO - persist ingested knowledge for /app/data/b2c/67174/b37789q/gbkfrontend-67174/src/components/Header/Header.js
2025-09-08 10:40:35,874 - Knowledge - INFO - persist ingested knowledge for /app/data/b2c/67174/b37789q/gbkfrontend-67174/src/components/InvoiceDetails/InvoiceDetails.module.css
2025-09-08 10:40:35,975 - Knowledge - INFO - start ingest for /app/data/b2c/67174/b37789q/gbkfrontend-67174/src/reducers/profiles.js
2025-09-08 10:40:36,086 - Knowledge - INFO - Found code-base-name: https://github.com/kavia-common/gbkfrontend-67174.git:kavia-master
2025-09-08 10:40:36,086 - Knowledge - INFO - worker kw20 pull /app/data/b2c/67174/b37789q/gbkfrontend-67174/src/reducers/auth.js from ingest queue
2025-09-08 10:40:36,087 - Knowledge - INFO - worker kw23 pull /app/data/b2c/67174/b37789q/gbkfrontend-67174/src/utils/utils.js from ingest queue
2025-09-08 10:40:36,088 - Knowledge - INFO - Found code-base-name: https://github.com/kavia-common/gbkfrontend-67174.git:kavia-master
2025-09-08 10:40:36,094 - Knowledge - INFO - worker kw21 pull /app/data/b2c/67174/b37789q/gbkfrontend-67174/src/index.js from ingest queue
2025-09-08 10:40:36,095 - Knowledge - INFO - Found code-base-name: https://github.com/kavia-common/gbkfrontend-67174.git:kavia-master
2025-09-08 10:40:36,103 - Knowledge - INFO - Found code-base-name: https://github.com/kavia-common/gbkfrontend-67174.git:kavia-master
2025-09-08 10:40:36,219 - Knowledge - INFO - process ingested knowledge for /app/data/b2c/67174/b37789q/gbkfrontend-67174/src/components/Invoice/Invoice.js
2025-09-08 10:40:36,721 - Knowledge - INFO - Found code_base: <app.utils.kg_build.knowledge.KnowledgeCodeBase object at 0x7f76ebfc32d0>
2025-09-08 10:40:36,819 - Knowledge - INFO - Thread kw20 - File auth.js - Remaining files in queue: 7
2025-09-08 10:40:36,900 - Knowledge - INFO - persist search terms embedding for src/components/Header/Header.js
2025-09-08 10:40:36,940 - Knowledge - INFO - Thread kw23 - File utils.js - Remaining files in queue: 7
2025-09-08 10:40:37,018 - Knowledge - INFO - Found code_base: <app.utils.kg_build.knowledge.KnowledgeCodeBase object at 0x7f76ebfc32d0>
2025-09-08 10:40:37,100 - Knowledge - INFO - Thread kw21 - File index.js - Remaining files in queue: 7
2025-09-08 10:40:37,173 - Knowledge - INFO - Found code_base: <app.utils.kg_build.knowledge.KnowledgeCodeBase object at 0x7f76ebfc32d0>
2025-09-08 10:40:37,266 - Knowledge - INFO - Found code_base: <app.utils.kg_build.knowledge.KnowledgeCodeBase object at 0x7f76ebfc32d0>
2025-09-08 10:40:37,476 - Knowledge - INFO - persist ingested knowledge for /app/data/b2c/67174/b37789q/gbkfrontend-67174/src/components/Home/Home.js
2025-09-08 10:40:37,587 - Knowledge - INFO - start ingest for /app/data/b2c/67174/b37789q/gbkfrontend-67174/src/reducers/auth.js
2025-09-08 10:40:37,787 - Knowledge - INFO - start ingest for /app/data/b2c/67174/b37789q/gbkfrontend-67174/src/utils/utils.js
2025-09-08 10:40:37,882 - Knowledge - INFO - Found code-base-name: https://github.com/kavia-common/gbkfrontend-67174.git:kavia-master
2025-09-08 10:40:37,884 - Knowledge - INFO - worker kw6 pull /app/data/b2c/67174/b37789q/gbkfrontend-67174/src/currencies.json from ingest queue
2025-09-08 10:40:37,895 - Knowledge - INFO - worker kw13 pull /app/data/b2c/67174/b37789q/gbkfrontend-67174/package.json from ingest queue
2025-09-08 10:40:37,922 - Knowledge - INFO - persist ingested knowledge for /app/data/b2c/67174/b37789q/gbkfrontend-67174/src/components/Spinner/Spinner.module.css
2025-09-08 10:40:38,039 - Knowledge - INFO - start ingest for /app/data/b2c/67174/b37789q/gbkfrontend-67174/src/index.js
2025-09-08 10:40:38,152 - Knowledge - INFO - persist ingested knowledge for /app/data/b2c/67174/b37789q/gbkfrontend-67174/src/components/Password/styles.js
2025-09-08 10:40:38,271 - Knowledge - INFO - persist ingested knowledge for /app/data/b2c/67174/b37789q/gbkfrontend-67174/src/reducers/index.js
2025-09-08 10:40:38,581 - Knowledge - INFO - Fast-track processing for simple file: /app/data/b2c/67174/b37789q/gbkfrontend-67174/src/utils/utils.js
2025-09-08 10:40:38,652 - Knowledge - INFO - Found code_base: <app.utils.kg_build.knowledge.KnowledgeCodeBase object at 0x7f76ebfc32d0>
2025-09-08 10:40:39,400 - Knowledge - INFO - persist ingested knowledge for /app/data/b2c/67174/b37789q/gbkfrontend-67174/src/components/Invoice/Invoice.js
2025-09-08 10:40:38,803 - Knowledge - INFO - done ingest for /app/data/b2c/67174/b37789q/gbkfrontend-67174/src/components/InvoiceDetails/PaymentHistory.js
2025-09-08 10:40:38,817 - Knowledge - INFO - Thread kw13 - File package.json - Remaining files in queue: 5
2025-09-08 10:40:38,882 - Knowledge - INFO - persist search terms embedding for src/components/Home/Home.js
2025-09-08 10:40:38,991 - Knowledge - INFO - Fast-track processing for simple file: /app/data/b2c/67174/b37789q/gbkfrontend-67174/src/index.js
2025-09-08 10:40:39,288 - Knowledge - INFO - done fast ingest for /app/data/b2c/67174/b37789q/gbkfrontend-67174/src/utils/utils.js
2025-09-08 10:40:38,732 - Knowledge - INFO - Thread kw6 - File currencies.json - Remaining files in queue: 5
2025-09-08 10:40:39,656 - Knowledge - INFO - process ingested knowledge for /app/data/b2c/67174/b37789q/gbkfrontend-67174/src/components/InvoiceDetails/PaymentHistory.js
2025-09-08 10:40:39,703 - Knowledge - INFO - start ingest for /app/data/b2c/67174/b37789q/gbkfrontend-67174/package.json
2025-09-08 10:40:39,902 - Knowledge - INFO - done fast ingest for /app/data/b2c/67174/b37789q/gbkfrontend-67174/src/index.js
2025-09-08 10:40:39,958 - Knowledge - INFO - done ingest for /app/data/b2c/67174/b37789q/gbkfrontend-67174/src/components/Invoice/AddClient.js
2025-09-08 10:40:40,033 - Knowledge - INFO - process ingested knowledge for /app/data/b2c/67174/b37789q/gbkfrontend-67174/src/utils/utils.js
2025-09-08 10:40:40,097 - Knowledge - INFO - start ingest for /app/data/b2c/67174/b37789q/gbkfrontend-67174/src/currencies.json
2025-09-08 10:40:40,350 - Knowledge - INFO - Fast-track processing for simple file: /app/data/b2c/67174/b37789q/gbkfrontend-67174/package.json
2025-09-08 10:40:40,513 - Knowledge - INFO - process ingested knowledge for /app/data/b2c/67174/b37789q/gbkfrontend-67174/src/index.js
2025-09-08 10:40:40,621 - Knowledge - INFO - process ingested knowledge for /app/data/b2c/67174/b37789q/gbkfrontend-67174/src/components/Invoice/AddClient.js
2025-09-08 10:40:40,777 - Knowledge - INFO - Fast-track processing for simple file: /app/data/b2c/67174/b37789q/gbkfrontend-67174/src/currencies.json
2025-09-08 10:40:40,860 - Knowledge - INFO - done fast ingest for /app/data/b2c/67174/b37789q/gbkfrontend-67174/package.json
2025-09-08 10:40:41,105 - Knowledge - INFO - done ingest for /app/data/b2c/67174/b37789q/gbkfrontend-67174/src/components/Footer/Footer.js
2025-09-08 10:40:41,156 - Knowledge - INFO - persist search terms embedding for src/components/Invoice/Invoice.js
2025-09-08 10:40:41,215 - Knowledge - INFO - done fast ingest for /app/data/b2c/67174/b37789q/gbkfrontend-67174/src/currencies.json
2025-09-08 10:40:41,336 - Knowledge - INFO - process ingested knowledge for /app/data/b2c/67174/b37789q/gbkfrontend-67174/package.json
2025-09-08 10:40:41,515 - Knowledge - INFO - process ingested knowledge for /app/data/b2c/67174/b37789q/gbkfrontend-67174/src/components/Footer/Footer.js
2025-09-08 10:40:41,580 - Knowledge - INFO - worker kw15 pull /app/data/b2c/67174/b37789q/gbkfrontend-67174/src/index.css from ingest queue
2025-09-08 10:40:41,585 - Knowledge - INFO - worker kw3 pull /app/data/b2c/67174/b37789q/gbkfrontend-67174/src/reducers/invoices.js from ingest queue
2025-09-08 10:40:41,586 - Knowledge - INFO - worker kw14 pull /app/data/b2c/67174/b37789q/gbkfrontend-67174/public/robots.txt from ingest queue
2025-09-08 10:40:41,586 - Knowledge - INFO - Found code-base-name: https://github.com/kavia-common/gbkfrontend-67174.git:kavia-master
2025-09-08 10:40:41,589 - Knowledge - INFO - Found code-base-name: https://github.com/kavia-common/gbkfrontend-67174.git:kavia-master
2025-09-08 10:40:41,590 - Knowledge - INFO - Found code-base-name: https://github.com/kavia-common/gbkfrontend-67174.git:kavia-master
2025-09-08 10:40:42,587 - Knowledge - INFO - Found code_base: <app.utils.kg_build.knowledge.KnowledgeCodeBase object at 0x7f76ebfc32d0>
2025-09-08 10:40:41,604 - Knowledge - INFO - worker kw18 pull /app/data/b2c/67174/b37789q/gbkfrontend-67174/public/index.html from ingest queue
2025-09-08 10:40:41,604 - Knowledge - INFO - Found code-base-name: https://github.com/kavia-common/gbkfrontend-67174.git:kavia-master
2025-09-08 10:40:41,659 - Knowledge - INFO - process ingested knowledge for /app/data/b2c/67174/b37789q/gbkfrontend-67174/src/currencies.json
2025-09-08 10:40:41,787 - Knowledge - INFO - Found code-base-name: https://github.com/kavia-common/gbkfrontend-67174.git:kavia-master
2025-09-08 10:40:41,912 - Knowledge - INFO - Found code-base-name: https://github.com/kavia-common/gbkfrontend-67174.git:kavia-master
2025-09-08 10:40:41,968 - Knowledge - INFO - done ingest for /app/data/b2c/67174/b37789q/gbkfrontend-67174/src/components/Password/Forgot.js
2025-09-08 10:40:42,038 - Knowledge - INFO - Thread kw15 - File index.css - Remaining files in queue: 0
2025-09-08 10:40:42,143 - Knowledge - INFO - Thread kw3 - File invoices.js - Remaining files in queue: 0
2025-09-08 10:40:42,253 - Knowledge - INFO - Thread kw14 - File robots.txt - Remaining files in queue: 0
2025-09-08 10:40:42,346 - Knowledge - INFO - Found code_base: <app.utils.kg_build.knowledge.KnowledgeCodeBase object at 0x7f76ebfc32d0>
2025-09-08 10:40:42,470 - Knowledge - INFO - Found code_base: <app.utils.kg_build.knowledge.KnowledgeCodeBase object at 0x7f76ebfc32d0>
2025-09-08 10:40:42,491 - Knowledge - INFO - done ingest for /app/data/b2c/67174/b37789q/gbkfrontend-67174/src/components/Password/Reset.js
2025-09-08 10:40:41,598 - Knowledge - INFO - worker kw4 pull /app/data/b2c/67174/b37789q/gbkfrontend-67174/public/manifest.json from ingest queue
2025-09-08 10:40:42,685 - Knowledge - INFO - persist ingested knowledge for /app/data/b2c/67174/b37789q/gbkfrontend-67174/src/components/InvoiceDetails/PaymentHistory.js
2025-09-08 10:40:42,755 - Knowledge - INFO - Thread kw18 - File index.html - Remaining files in queue: 0
2025-09-08 10:40:42,869 - Knowledge - INFO - Found code_base: <app.utils.kg_build.knowledge.KnowledgeCodeBase object at 0x7f76ebfc32d0>
2025-09-08 10:40:42,958 - Knowledge - INFO - Found code-base-name: https://github.com/kavia-common/gbkfrontend-67174.git:kavia-master
2025-09-08 10:40:43,040 - Knowledge - INFO - Found code_base: <app.utils.kg_build.knowledge.KnowledgeCodeBase object at 0x7f76ebfc32d0>
2025-09-08 10:40:43,150 - Knowledge - INFO - Found code_base: <app.utils.kg_build.knowledge.KnowledgeCodeBase object at 0x7f76ebfc32d0>
2025-09-08 10:40:43,328 - Knowledge - INFO - process ingested knowledge for /app/data/b2c/67174/b37789q/gbkfrontend-67174/src/components/Password/Forgot.js
2025-09-08 10:40:43,374 - Knowledge - INFO - start ingest for /app/data/b2c/67174/b37789q/gbkfrontend-67174/src/index.css
2025-09-08 10:40:43,452 - Knowledge - INFO - start ingest for /app/data/b2c/67174/b37789q/gbkfrontend-67174/src/reducers/invoices.js
2025-09-08 10:40:43,546 - Knowledge - INFO - start ingest for /app/data/b2c/67174/b37789q/gbkfrontend-67174/public/robots.txt
2025-09-08 10:40:43,655 - Knowledge - INFO - persist ingested knowledge for /app/data/b2c/67174/b37789q/gbkfrontend-67174/src/utils/utils.js
2025-09-08 10:40:43,747 - Knowledge - INFO - persist ingested knowledge for /app/data/b2c/67174/b37789q/gbkfrontend-67174/src/components/Invoice/AddClient.js
2025-09-08 10:40:43,878 - Knowledge - INFO - process ingested knowledge for /app/data/b2c/67174/b37789q/gbkfrontend-67174/src/components/Password/Reset.js
2025-09-08 10:40:43,958 - Knowledge - INFO - Thread kw4 - File manifest.json - Remaining files in queue: 0
2025-09-08 10:40:44,173 - Knowledge - INFO - start ingest for /app/data/b2c/67174/b37789q/gbkfrontend-67174/public/index.html
2025-09-08 10:40:44,288 - Knowledge - INFO - persist ingested knowledge for /app/data/b2c/67174/b37789q/gbkfrontend-67174/src/index.js
2025-09-08 10:40:44,382 - Knowledge - INFO - Found code_base: <app.utils.kg_build.knowledge.KnowledgeCodeBase object at 0x7f76ebfc32d0>
2025-09-08 10:40:44,486 - Knowledge - INFO - persist ingested knowledge for /app/data/b2c/67174/b37789q/gbkfrontend-67174/package.json
2025-09-08 10:40:44,568 - Knowledge - INFO - persist ingested knowledge for /app/data/b2c/67174/b37789q/gbkfrontend-67174/src/components/Footer/Footer.js
2025-09-08 10:40:44,607 - Knowledge - INFO - persist search terms embedding for src/components/InvoiceDetails/PaymentHistory.js
2025-09-08 10:40:44,981 - Knowledge - INFO - Fast-track processing for simple file: /app/data/b2c/67174/b37789q/gbkfrontend-67174/public/robots.txt
2025-09-08 10:40:45,357 - Knowledge - INFO - start ingest for /app/data/b2c/67174/b37789q/gbkfrontend-67174/public/manifest.json
2025-09-08 10:40:45,674 - Knowledge - INFO - persist ingested knowledge for /app/data/b2c/67174/b37789q/gbkfrontend-67174/src/currencies.json
2025-09-08 10:40:45,990 - Knowledge - INFO - Found code-base-name: https://github.com/kavia-common/gbkfrontend-67174.git:kavia-master
2025-09-08 10:40:46,113 - Knowledge - INFO - done fast ingest for /app/data/b2c/67174/b37789q/gbkfrontend-67174/public/robots.txt
2025-09-08 10:40:46,205 - Knowledge - INFO - Fast-track processing for simple file: /app/data/b2c/67174/b37789q/gbkfrontend-67174/public/manifest.json
2025-09-08 10:40:46,208 - Knowledge - INFO - done ingest for /app/data/b2c/67174/b37789q/gbkfrontend-67174/src/components/Invoice/InvoiceType.js
2025-09-08 10:40:46,389 - Knowledge - INFO - Found code_base: <app.utils.kg_build.knowledge.KnowledgeCodeBase object at 0x7f76ebfc32d0>
2025-09-08 10:40:46,477 - Knowledge - INFO - process ingested knowledge for /app/data/b2c/67174/b37789q/gbkfrontend-67174/public/robots.txt
2025-09-08 10:40:46,607 - Knowledge - INFO - done fast ingest for /app/data/b2c/67174/b37789q/gbkfrontend-67174/public/manifest.json
2025-09-08 10:40:46,688 - Knowledge - INFO - done ingest for /app/data/b2c/67174/b37789q/gbkfrontend-67174/src/components/InvoiceDetails/InvoiceDetails.js
2025-09-08 10:40:46,755 - Knowledge - INFO - persist search terms embedding for src/components/Invoice/AddClient.js
2025-09-08 10:40:46,785 - Knowledge - INFO - process ingested knowledge for /app/data/b2c/67174/b37789q/gbkfrontend-67174/src/components/Invoice/InvoiceType.js
2025-09-08 10:40:46,831 - Knowledge - INFO - persist ingested knowledge for /app/data/b2c/67174/b37789q/gbkfrontend-67174/src/components/Password/Forgot.js
2025-09-08 10:40:47,042 - Knowledge - INFO - process ingested knowledge for /app/data/b2c/67174/b37789q/gbkfrontend-67174/public/manifest.json
2025-09-08 10:40:47,159 - Knowledge - INFO - process ingested knowledge for /app/data/b2c/67174/b37789q/gbkfrontend-67174/src/components/InvoiceDetails/InvoiceDetails.js
2025-09-08 10:40:47,226 - Knowledge - INFO - Found code-base-name: https://github.com/kavia-common/gbkfrontend-67174.git:kavia-master
2025-09-08 10:40:48,154 - Knowledge - INFO - Found code_base: <app.utils.kg_build.knowledge.KnowledgeCodeBase object at 0x7f76ebfc32d0>
2025-09-08 10:40:48,234 - Knowledge - INFO - persist ingested knowledge for /app/data/b2c/67174/b37789q/gbkfrontend-67174/src/components/Password/Reset.js
2025-09-08 10:40:48,475 - Knowledge - INFO - persist search terms embedding for src/components/Footer/Footer.js
2025-09-08 10:40:48,564 - Knowledge - INFO - Found code-base-name: https://github.com/kavia-common/gbkfrontend-67174.git:kavia-master
2025-09-08 10:40:48,581 - Knowledge - INFO - Found code-base-name: https://github.com/kavia-common/gbkfrontend-67174.git:kavia-master
2025-09-08 10:40:48,661 - Knowledge - INFO - Found code_base: <app.utils.kg_build.knowledge.KnowledgeCodeBase object at 0x7f76ebfc32d0>
2025-09-08 10:40:48,762 - Knowledge - INFO - Found code_base: <app.utils.kg_build.knowledge.KnowledgeCodeBase object at 0x7f76ebfc32d0>
2025-09-08 10:40:48,860 - Knowledge - INFO - persist ingested knowledge for /app/data/b2c/67174/b37789q/gbkfrontend-67174/public/robots.txt
2025-09-08 10:40:48,916 - Knowledge - INFO - done ingest for /app/data/b2c/67174/b37789q/gbkfrontend-67174/src/actions/auth.js
2025-09-08 10:40:48,997 - Knowledge - INFO - persist ingested knowledge for /app/data/b2c/67174/b37789q/gbkfrontend-67174/src/components/Invoice/InvoiceType.js
2025-09-08 10:40:49,128 - Knowledge - INFO - persist search terms embedding for src/components/Password/Forgot.js
2025-09-08 10:40:49,129 - Knowledge - INFO - done ingest for /app/data/b2c/67174/b37789q/gbkfrontend-67174/src/components/Icons.js
2025-09-08 10:40:49,145 - Knowledge - INFO - done ingest for /app/data/b2c/67174/b37789q/gbkfrontend-67174/src/actions/constants.js
2025-09-08 10:40:49,230 - Knowledge - INFO - process ingested knowledge for /app/data/b2c/67174/b37789q/gbkfrontend-67174/src/actions/auth.js
2025-09-08 10:40:49,354 - Knowledge - INFO - done ingest for /app/data/b2c/67174/b37789q/gbkfrontend-67174/src/reducers/auth.js
2025-09-08 10:40:49,424 - Knowledge - INFO - Found code-base-name: https://github.com/kavia-common/gbkfrontend-67174.git:kavia-master
2025-09-08 10:40:49,521 - Knowledge - INFO - process ingested knowledge for /app/data/b2c/67174/b37789q/gbkfrontend-67174/src/components/Icons.js
2025-09-08 10:40:49,624 - Knowledge - INFO - Found code-base-name: https://github.com/kavia-common/gbkfrontend-67174.git:kavia-master
2025-09-08 10:40:49,688 - Knowledge - INFO - done ingest for /app/data/b2c/67174/b37789q/gbkfrontend-67174/src/reducers/clients.js
2025-09-08 10:40:49,699 - Knowledge - INFO - process ingested knowledge for /app/data/b2c/67174/b37789q/gbkfrontend-67174/src/actions/constants.js
2025-09-08 10:40:49,899 - Knowledge - INFO - done ingest for /app/data/b2c/67174/b37789q/gbkfrontend-67174/src/reducers/profiles.js
2025-09-08 10:40:49,913 - Knowledge - INFO - process ingested knowledge for /app/data/b2c/67174/b37789q/gbkfrontend-67174/src/reducers/auth.js
2025-09-08 10:40:49,977 - Knowledge - INFO - Found code_base: <app.utils.kg_build.knowledge.KnowledgeCodeBase object at 0x7f76ebfc32d0>
2025-09-08 10:40:50,128 - Knowledge - INFO - done ingest for /app/data/b2c/67174/b37789q/gbkfrontend-67174/src/index.css
2025-09-08 10:40:50,159 - Knowledge - INFO - Found code_base: <app.utils.kg_build.knowledge.KnowledgeCodeBase object at 0x7f76ebfc32d0>
2025-09-08 10:40:50,299 - Knowledge - INFO - persist search terms embedding for src/components/Invoice/InvoiceType.js
2025-09-08 10:40:50,349 - Knowledge - INFO - process ingested knowledge for /app/data/b2c/67174/b37789q/gbkfrontend-67174/src/reducers/clients.js
2025-09-08 10:40:50,385 - Knowledge - INFO - done ingest for /app/data/b2c/67174/b37789q/gbkfrontend-67174/public/index.html
2025-09-08 10:40:50,565 - Knowledge - INFO - process ingested knowledge for /app/data/b2c/67174/b37789q/gbkfrontend-67174/src/reducers/profiles.js
2025-09-08 10:40:50,726 - Knowledge - INFO - persist ingested knowledge for /app/data/b2c/67174/b37789q/gbkfrontend-67174/src/components/InvoiceDetails/InvoiceDetails.js
2025-09-08 10:40:50,839 - Knowledge - INFO - process ingested knowledge for /app/data/b2c/67174/b37789q/gbkfrontend-67174/src/index.css
2025-09-08 10:40:50,840 - Knowledge - INFO - done ingest for /app/data/b2c/67174/b37789q/gbkfrontend-67174/src/actions/clientActions.js
2025-09-08 10:40:50,967 - Knowledge - INFO - persist ingested knowledge for /app/data/b2c/67174/b37789q/gbkfrontend-67174/public/manifest.json
2025-09-08 10:40:51,389 - Knowledge - INFO - process ingested knowledge for /app/data/b2c/67174/b37789q/gbkfrontend-67174/public/index.html
2025-09-08 10:40:51,804 - Knowledge - INFO - done ingest for /app/data/b2c/67174/b37789q/gbkfrontend-67174/src/actions/invoiceActions.js
2025-09-08 10:40:51,850 - Knowledge - INFO - persist search terms embedding for src/components/Password/Reset.js
2025-09-08 10:40:51,961 - Knowledge - INFO - process ingested knowledge for /app/data/b2c/67174/b37789q/gbkfrontend-67174/src/actions/clientActions.js
2025-09-08 10:40:52,043 - Knowledge - INFO - done ingest for /app/data/b2c/67174/b37789q/gbkfrontend-67174/src/reducers/invoices.js
2025-09-08 10:40:52,066 - Knowledge - INFO - done ingest for /app/data/b2c/67174/b37789q/gbkfrontend-67174/src/actions/profile.js
2025-09-08 10:40:52,186 - Knowledge - INFO - process ingested knowledge for /app/data/b2c/67174/b37789q/gbkfrontend-67174/src/actions/invoiceActions.js
2025-09-08 10:40:52,290 - Knowledge - INFO - Found code-base-name: https://github.com/kavia-common/gbkfrontend-67174.git:kavia-master
2025-09-08 10:40:52,290 - Knowledge - INFO - Found code-base-name: https://github.com/kavia-common/gbkfrontend-67174.git:kavia-master
2025-09-08 10:40:52,290 - Knowledge - INFO - Found code-base-name: https://github.com/kavia-common/gbkfrontend-67174.git:kavia-master
2025-09-08 10:40:52,291 - Knowledge - INFO - Found code-base-name: https://github.com/kavia-common/gbkfrontend-67174.git:kavia-master
2025-09-08 10:40:52,291 - Knowledge - INFO - Found code-base-name: https://github.com/kavia-common/gbkfrontend-67174.git:kavia-master
2025-09-08 10:40:52,472 - Knowledge - INFO - process ingested knowledge for /app/data/b2c/67174/b37789q/gbkfrontend-67174/src/reducers/invoices.js
2025-09-08 10:40:52,542 - Knowledge - INFO - process ingested knowledge for /app/data/b2c/67174/b37789q/gbkfrontend-67174/src/actions/profile.js
2025-09-08 10:40:52,651 - Knowledge - INFO - persist search terms embedding for src/components/InvoiceDetails/InvoiceDetails.js
2025-09-08 10:40:52,699 - Knowledge - INFO - Found code_base: <app.utils.kg_build.knowledge.KnowledgeCodeBase object at 0x7f76ebfc32d0>
2025-09-08 10:40:52,776 - Knowledge - INFO - Found code_base: <app.utils.kg_build.knowledge.KnowledgeCodeBase object at 0x7f76ebfc32d0>
2025-09-08 10:40:52,881 - Knowledge - INFO - Found code_base: <app.utils.kg_build.knowledge.KnowledgeCodeBase object at 0x7f76ebfc32d0>
2025-09-08 10:40:52,951 - Knowledge - INFO - Found code_base: <app.utils.kg_build.knowledge.KnowledgeCodeBase object at 0x7f76ebfc32d0>
2025-09-08 10:40:53,054 - Knowledge - INFO - Found code_base: <app.utils.kg_build.knowledge.KnowledgeCodeBase object at 0x7f76ebfc32d0>
2025-09-08 10:40:53,332 - Knowledge - INFO - Found code-base-name: https://github.com/kavia-common/gbkfrontend-67174.git:kavia-master
2025-09-08 10:40:53,411 - Knowledge - INFO - Found code-base-name: https://github.com/kavia-common/gbkfrontend-67174.git:kavia-master
2025-09-08 10:40:53,412 - Knowledge - INFO - Found code-base-name: https://github.com/kavia-common/gbkfrontend-67174.git:kavia-master
2025-09-08 10:40:53,412 - Knowledge - INFO - Found code-base-name: https://github.com/kavia-common/gbkfrontend-67174.git:kavia-master
2025-09-08 10:40:53,413 - Knowledge - INFO - Found code-base-name: https://github.com/kavia-common/gbkfrontend-67174.git:kavia-master
2025-09-08 10:40:53,413 - Knowledge - INFO - Found code-base-name: https://github.com/kavia-common/gbkfrontend-67174.git:kavia-master
2025-09-08 10:40:53,413 - Knowledge - INFO - Found code-base-name: https://github.com/kavia-common/gbkfrontend-67174.git:kavia-master
2025-09-08 10:40:53,415 - Knowledge - INFO - persist ingested knowledge for /app/data/b2c/67174/b37789q/gbkfrontend-67174/src/actions/auth.js
2025-09-08 10:40:53,534 - Knowledge - INFO - persist ingested knowledge for /app/data/b2c/67174/b37789q/gbkfrontend-67174/src/components/Icons.js
2025-09-08 10:40:53,645 - Knowledge - INFO - persist ingested knowledge for /app/data/b2c/67174/b37789q/gbkfrontend-67174/src/actions/constants.js
2025-09-08 10:40:53,753 - Knowledge - INFO - persist ingested knowledge for /app/data/b2c/67174/b37789q/gbkfrontend-67174/src/reducers/auth.js
2025-09-08 10:40:53,837 - Knowledge - INFO - persist ingested knowledge for /app/data/b2c/67174/b37789q/gbkfrontend-67174/src/reducers/clients.js
2025-09-08 10:40:53,928 - Knowledge - INFO - Found code_base: <app.utils.kg_build.knowledge.KnowledgeCodeBase object at 0x7f76ebfc32d0>
2025-09-08 10:40:54,015 - Knowledge - INFO - Found code_base: <app.utils.kg_build.knowledge.KnowledgeCodeBase object at 0x7f76ebfc32d0>
2025-09-08 10:40:54,088 - Knowledge - INFO - Found code_base: <app.utils.kg_build.knowledge.KnowledgeCodeBase object at 0x7f76ebfc32d0>
2025-09-08 10:40:54,166 - Knowledge - INFO - Found code_base: <app.utils.kg_build.knowledge.KnowledgeCodeBase object at 0x7f76ebfc32d0>
2025-09-08 10:40:54,277 - Knowledge - INFO - Found code_base: <app.utils.kg_build.knowledge.KnowledgeCodeBase object at 0x7f76ebfc32d0>
2025-09-08 10:40:54,356 - Knowledge - INFO - Found code_base: <app.utils.kg_build.knowledge.KnowledgeCodeBase object at 0x7f76ebfc32d0>
2025-09-08 10:40:54,432 - Knowledge - INFO - Found code_base: <app.utils.kg_build.knowledge.KnowledgeCodeBase object at 0x7f76ebfc32d0>
2025-09-08 10:40:54,942 - Knowledge - INFO - persist search terms embedding for src/actions/auth.js
2025-09-08 10:40:55,037 - Knowledge - INFO - persist ingested knowledge for /app/data/b2c/67174/b37789q/gbkfrontend-67174/src/index.css
2025-09-08 10:40:55,147 - Knowledge - INFO - persist ingested knowledge for /app/data/b2c/67174/b37789q/gbkfrontend-67174/public/index.html
2025-09-08 10:40:55,260 - Knowledge - INFO - persist ingested knowledge for /app/data/b2c/67174/b37789q/gbkfrontend-67174/src/actions/clientActions.js
2025-09-08 10:40:55,341 - Knowledge - INFO - persist ingested knowledge for /app/data/b2c/67174/b37789q/gbkfrontend-67174/src/reducers/invoices.js
2025-09-08 10:40:55,433 - Knowledge - INFO - persist ingested knowledge for /app/data/b2c/67174/b37789q/gbkfrontend-67174/src/actions/profile.js
2025-09-08 10:40:55,544 - Knowledge - INFO - persist ingested knowledge for /app/data/b2c/67174/b37789q/gbkfrontend-67174/src/reducers/profiles.js
2025-09-08 10:40:55,632 - Knowledge - INFO - persist ingested knowledge for /app/data/b2c/67174/b37789q/gbkfrontend-67174/src/actions/invoiceActions.js
2025-09-08 10:40:56,102 - Knowledge - INFO - persist search terms embedding for src/actions/constants.js
2025-09-08 10:40:56,903 - Knowledge - INFO - persist search terms embedding for src/reducers/clients.js
2025-09-08 10:40:57,557 - Knowledge - INFO - persist search terms embedding for src/reducers/invoices.js
2025-09-08 10:40:57,990 - Knowledge - INFO - persist search terms embedding for src/actions/profile.js
2025-09-08 10:40:58,420 - Knowledge - INFO - persist search terms embedding for src/reducers/profiles.js
2025-09-08 10:40:58,848 - Knowledge - INFO - persist search terms embedding for src/actions/invoiceActions.js
2025-09-08 10:40:59,324 - Knowledge - INFO - persist search terms embedding for src/components/Icons.js
2025-09-08 10:40:59,849 - Knowledge - INFO - persist search terms embedding for src/actions/clientActions.js
2025-09-08 10:41:00,335 - Knowledge - INFO - persist search terms embedding for src/reducers/auth.js
2025-09-08 10:41:00,447 - Knowledge - INFO - Knowledge creation complete
2025-09-08 10:41:00,527 - Knowledge - INFO - Updating org costs, total cost: 0.026095200000000006
2025-09-08 10:41:01,034 - Knowledge - INFO - Saving knowledge to Redis...
2025-09-08 10:41:01,147 - Knowledge - INFO - Knowledge saved to Redis successfully
